Date,Outbreak Event,SKU,Demand
2021-02-02,,Thyrocare,1644.0
2021-02-09,,Thyrocare,1642.0
2021-02-16,,Thyrocare,1612.0
2021-02-23,,Thyrocare,1410.0
2021-03-02,,Thyrocare,1555.0
2021-03-09,,Thyrocare,1440.0
2021-03-16,,Thyrocare,1473.0
2021-03-23,,Thyrocare,1404.0
2021-03-30,,Thyrocare,1595.0
2021-04-06,,Thyrocare,1545.0
2021-04-13,,Thyrocare,1466.0
2021-04-20,,Thyrocare,2086.5
2021-04-27,,Thyrocare,1425.0
2021-05-04,,Thyrocare,1604.0
2021-05-11,,Thyrocare,1494.0
2021-05-18,,Thyrocare,1400.0
2021-05-25,,Thyrocare,1432.0
2021-06-01,,Thyrocare,1616.0
2021-06-08,,Thyrocare,1543.0
2021-06-15,,Thyrocare,1503.0
2021-06-22,,Thyrocare,1423.0
2021-06-29,,Thyrocare,1492.0
2021-07-06,,Thyrocare,1546.0
2021-07-13,,Thyrocare,1449.0
2021-07-20,,Thyrocare,1385.0
2021-07-27,,Thyrocare,1372.0
2021-08-03,,Thyrocare,1605.0
2021-08-10,,Thyrocare,1508.0
2021-08-17,,Thyrocare,1513.0
2021-08-24,,Thyrocare,1449.0
2021-08-31,,Thyrocare,1540.0
2021-09-07,,Thyrocare,1507.0
2021-09-14,,Thyrocare,2145.0
2021-09-21,,Thyrocare,1352.0
2021-09-28,,Thyrocare,1453.0
2021-10-05,,Thyrocare,2262.0
2021-10-12,,Thyrocare,1459.0
2021-10-19,,Thyrocare,1345.0
2021-10-26,,Thyrocare,1384.0
2021-11-02,,Thyrocare,1552.0
2021-11-09,,Thyrocare,1494.0
2021-11-16,,Thyrocare,1484.0
2021-11-23,,Thyrocare,1956.0
2021-11-30,,Thyrocare,1548.0
2021-12-07,,Thyrocare,1683.0
2021-12-14,,Thyrocare,1891.0
2021-12-21,,Thyrocare,2388.0
2021-12-28,,Thyrocare,1367.0
2022-01-04,,Thyrocare,1445.0
2022-01-11,,Thyrocare,1391.0
2022-01-18,,Thyrocare,1327.0
2022-01-25,,Thyrocare,1317.0
2022-02-01,,Thyrocare,1607.0
2022-02-08,,Thyrocare,1650.0
2022-02-15,,Thyrocare,1687.0
2022-02-22,,Thyrocare,1457.0
2022-03-01,,Thyrocare,1636.0
2022-03-08,,Thyrocare,1553.0
2022-03-15,,Thyrocare,1577.0
2022-03-22,,Thyrocare,1541.0
2022-03-29,,Thyrocare,2242.5
2022-04-05,,Thyrocare,2421.0
2022-04-12,,Thyrocare,1560.0
2022-04-19,,Thyrocare,1565.0
2022-04-26,,Thyrocare,1455.0
2022-05-03,,Thyrocare,1629.0
2022-05-10,,Thyrocare,1605.0
2022-05-17,,Thyrocare,1428.0
2022-05-24,,Thyrocare,2199.0
2022-05-31,,Thyrocare,1635.0
2022-06-07,,Thyrocare,1589.0
2022-06-14,,Thyrocare,1532.0
2022-06-21,,Thyrocare,1439.0
2022-06-28,,Thyrocare,1489.0
2022-07-05,,Thyrocare,1535.0
2022-07-12,,Thyrocare,1455.0
2022-07-19,,Thyrocare,1397.0
2022-07-26,,Thyrocare,1352.0
2022-08-02,,Thyrocare,1624.0
2022-08-09,,Thyrocare,1525.0
2022-08-16,,Thyrocare,1531.0
2022-08-23,,Thyrocare,1465.0
2022-08-30,,Thyrocare,1550.0
2022-09-06,,Thyrocare,1540.0
2022-09-13,,Thyrocare,1514.0
2022-09-20,,Thyrocare,1380.0
2022-09-27,,Thyrocare,1395.0
2022-10-04,,Thyrocare,1631.0
2022-10-11,,Thyrocare,1494.0
2022-10-18,,Thyrocare,1503.0
2022-10-25,,Thyrocare,1445.0
2022-11-01,,Thyrocare,1697.0
2022-11-08,,Thyrocare,1595.0
2022-11-15,,Thyrocare,1539.0
2022-11-22,,Thyrocare,2033.0
2022-11-29,,Thyrocare,1584.0
2022-12-06,,Thyrocare,1800.0
2022-12-13,,Thyrocare,1881.0
2022-12-20,,Thyrocare,2270.0
2022-12-27,,Thyrocare,1497.0
2023-01-03,,Thyrocare,1550.0
2023-01-10,,Thyrocare,1460.0
2023-01-17,,Thyrocare,1394.0
2023-01-24,,Thyrocare,1319.0
2023-01-31,,Thyrocare,1636.0
2023-02-07,,Thyrocare,1802.0
2023-02-14,,Thyrocare,1820.0
2023-02-21,,Thyrocare,1539.0
2023-02-28,,Thyrocare,1688.0
2023-03-07,,Thyrocare,1675.0
2023-03-14,,Thyrocare,1677.0
2023-03-21,,Thyrocare,1511.0
2023-03-28,,Thyrocare,1650.0
2023-04-04,,Thyrocare,1900.0
2023-04-11,,Thyrocare,1621.0
2023-04-18,,Thyrocare,1522.0
2023-04-25,,Thyrocare,1469.0
2023-05-02,,Thyrocare,1685.0
2023-05-09,,Thyrocare,1611.0
2023-05-16,,Thyrocare,1596.0
2023-05-23,,Thyrocare,1555.0
2023-05-30,,Thyrocare,1624.0
2023-06-06,,Thyrocare,1697.0
2023-06-13,,Thyrocare,1631.0
2023-06-20,,Thyrocare,1528.0
2023-06-27,,Thyrocare,1540.0
2023-07-04,,Thyrocare,1770.0
2023-07-11,,Thyrocare,1527.0
2023-07-18,,Thyrocare,1498.0
2023-07-25,,Thyrocare,1439.0
2023-08-01,,Thyrocare,1631.0
2023-08-08,,Thyrocare,1592.0
2023-08-15,,Thyrocare,1598.0
2023-08-22,,Thyrocare,1494.0
2023-08-29,,Thyrocare,1582.0
2023-09-05,,Thyrocare,1662.0
2023-09-12,,Thyrocare,2275.5
2023-09-19,,Thyrocare,1506.0
2023-09-26,,Thyrocare,1437.0
2023-10-03,,Thyrocare,2506.5
2023-10-10,,Thyrocare,1573.0
2023-10-17,,Thyrocare,2262.0
2023-10-24,,Thyrocare,1494.0
2021-02-02,,Diabetrol,2135.0
2021-02-09,,Diabetrol,2188.0
2021-02-16,,Diabetrol,2050.0
2021-02-23,,Diabetrol,1926.0
2021-03-02,,Diabetrol,1971.0
2021-03-09,,Diabetrol,1894.0
2021-03-16,,Diabetrol,1897.0
2021-03-23,,Diabetrol,1763.0
2021-03-30,,Diabetrol,1979.0
2021-04-06,,Diabetrol,1818.0
2021-04-13,,Diabetrol,1852.0
2021-04-20,,Diabetrol,2704.5
2021-04-27,,Diabetrol,1817.0
2021-05-04,,Diabetrol,2001.0
2021-05-11,,Diabetrol,1876.0
2021-05-18,,Diabetrol,1904.0
2021-05-25,,Diabetrol,1858.0
2021-06-01,,Diabetrol,1903.0
2021-06-08,,Diabetrol,1871.0
2021-06-15,,Diabetrol,1930.0
2021-06-22,,Diabetrol,1847.0
2021-06-29,,Diabetrol,1881.0
2021-07-06,,Diabetrol,1812.0
2021-07-13,,Diabetrol,1898.0
2021-07-20,,Diabetrol,1848.0
2021-07-27,,Diabetrol,1797.0
2021-08-03,,Diabetrol,1908.0
2021-08-10,,Diabetrol,2007.0
2021-08-17,,Diabetrol,1997.0
2021-08-24,,Diabetrol,1848.0
2021-08-31,,Diabetrol,1936.0
2021-09-07,,Diabetrol,1866.0
2021-09-14,,Diabetrol,2850.0
2021-09-21,,Diabetrol,1811.0
2021-09-28,,Diabetrol,1843.0
2021-10-05,,Diabetrol,2926.5
2021-10-12,,Diabetrol,1867.0
2021-10-19,,Diabetrol,1928.0
2021-10-26,,Diabetrol,1933.0
2021-11-02,,Diabetrol,2013.0
2021-11-09,,Diabetrol,2000.0
2021-11-16,,Diabetrol,2098.0
2021-11-23,,Diabetrol,2789.0
2021-11-30,,Diabetrol,2103.0
2021-12-07,,Diabetrol,2303.0
2021-12-14,,Diabetrol,2740.0
2021-12-21,,Diabetrol,3527.0
2021-12-28,,Diabetrol,1795.0
2022-01-04,,Diabetrol,1862.0
2022-01-11,,Diabetrol,1866.0
2022-01-18,,Diabetrol,1886.0
2022-01-25,,Diabetrol,1814.0
2022-02-01,,Diabetrol,2119.0
2022-02-08,,Diabetrol,2188.0
2022-02-15,,Diabetrol,2316.0
2022-02-22,,Diabetrol,2078.0
2022-03-01,,Diabetrol,2103.0
2022-03-08,,Diabetrol,2040.0
2022-03-15,,Diabetrol,2116.0
2022-03-22,,Diabetrol,1944.0
2022-03-29,,Diabetrol,2850.0
2022-04-05,,Diabetrol,3112.5
2022-04-12,,Diabetrol,1961.0
2022-04-19,,Diabetrol,2221.0
2022-04-26,,Diabetrol,1878.0
2022-05-03,,Diabetrol,2064.0
2022-05-10,,Diabetrol,2002.0
2022-05-17,,Diabetrol,2016.0
2022-05-24,,Diabetrol,2980.5
2022-05-31,,Diabetrol,2065.0
2022-06-07,,Diabetrol,2074.0
2022-06-14,,Diabetrol,2141.0
2022-06-21,,Diabetrol,2008.0
2022-06-28,,Diabetrol,2052.0
2022-07-05,,Diabetrol,2067.0
2022-07-12,,Diabetrol,2049.0
2022-07-19,,Diabetrol,2036.0
2022-07-26,,Diabetrol,1990.0
2022-08-02,,Diabetrol,2160.0
2022-08-09,,Diabetrol,2106.0
2022-08-16,,Diabetrol,2233.0
2022-08-23,,Diabetrol,1988.0
2022-08-30,,Diabetrol,2078.0
2022-09-06,,Diabetrol,2093.0
2022-09-13,,Diabetrol,2076.0
2022-09-20,,Diabetrol,2031.0
2022-09-27,,Diabetrol,1929.0
2022-10-04,,Diabetrol,2167.0
2022-10-11,,Diabetrol,2075.0
2022-10-18,,Diabetrol,2208.0
2022-10-25,,Diabetrol,2152.0
2022-11-01,,Diabetrol,2281.0
2022-11-08,,Diabetrol,2203.0
2022-11-15,,Diabetrol,2244.0
2022-11-22,,Diabetrol,3005.0
2022-11-29,,Diabetrol,2181.0
2022-12-06,,Diabetrol,2509.0
2022-12-13,,Diabetrol,2771.0
2022-12-20,,Diabetrol,3676.0
2022-12-27,,Diabetrol,2007.0
2023-01-03,,Diabetrol,2048.0
2023-01-10,,Diabetrol,1942.0
2023-01-17,,Diabetrol,2005.0
2023-01-24,,Diabetrol,1929.0
2023-01-31,,Diabetrol,2173.0
2023-02-07,,Diabetrol,2375.0
2023-02-14,,Diabetrol,2428.0
2023-02-21,,Diabetrol,2227.0
2023-02-28,,Diabetrol,2206.0
2023-03-07,,Diabetrol,2202.0
2023-03-14,,Diabetrol,2215.0
2023-03-21,,Diabetrol,2092.0
2023-03-28,,Diabetrol,2089.0
2023-04-04,,Diabetrol,2470.0
2023-04-11,,Diabetrol,2105.0
2023-04-18,,Diabetrol,2144.0
2023-04-25,,Diabetrol,2064.0
2023-05-02,,Diabetrol,2197.0
2023-05-09,,Diabetrol,2128.0
2023-05-16,,Diabetrol,2207.0
2023-05-23,,Diabetrol,2154.0
2023-05-30,,Diabetrol,2179.0
2023-06-06,,Diabetrol,2245.0
2023-06-13,,Diabetrol,2234.0
2023-06-20,,Diabetrol,2197.0
2023-06-27,,Diabetrol,2128.0
2023-07-04,,Diabetrol,2224.0
2023-07-11,,Diabetrol,2100.0
2023-07-18,,Diabetrol,2176.0
2023-07-25,,Diabetrol,2049.0
2023-08-01,,Diabetrol,2175.0
2023-08-08,,Diabetrol,2193.0
2023-08-15,,Diabetrol,2284.0
2023-08-22,,Diabetrol,2125.0
2023-08-29,,Diabetrol,2081.0
2023-09-05,,Diabetrol,2125.0
2023-09-12,,Diabetrol,3177.0
2023-09-19,,Diabetrol,2119.0
2023-09-26,,Diabetrol,2028.0
2023-10-03,,Diabetrol,3315.0
2023-10-10,,Diabetrol,2133.0
2023-10-17,,Diabetrol,3145.5
2023-10-24,,Diabetrol,2150.0
2021-02-02,,Fungistop,317.0
2021-02-09,,Fungistop,312.0
2021-02-16,,Fungistop,303.0
2021-02-23,,Fungistop,270.0
2021-03-02,,Fungistop,289.0
2021-03-09,,Fungistop,297.0
2021-03-16,,Fungistop,282.0
2021-03-23,,Fungistop,273.0
2021-03-30,,Fungistop,331.0
2021-04-06,,Fungistop,328.0
2021-04-13,,Fungistop,307.0
2021-04-20,,Fungistop,433.5
2021-04-27,,Fungistop,299.0
2021-05-04,,Fungistop,334.0
2021-05-11,,Fungistop,297.0
2021-05-18,,Fungistop,302.0
2021-05-25,,Fungistop,310.0
2021-06-01,,Fungistop,338.0
2021-06-08,,Fungistop,297.0
2021-06-15,,Fungistop,314.0
2021-06-22,,Fungistop,295.0
2021-06-29,,Fungistop,306.0
2021-07-06,,Fungistop,292.0
2021-07-13,,Fungistop,281.0
2021-07-20,,Fungistop,275.0
2021-07-27,,Fungistop,269.0
2021-08-03,,Fungistop,303.0
2021-08-10,,Fungistop,286.0
2021-08-17,,Fungistop,287.0
2021-08-24,,Fungistop,289.0
2021-08-31,,Fungistop,324.0
2021-09-07,,Fungistop,307.0
2021-09-14,,Fungistop,424.5
2021-09-21,,Fungistop,293.0
2021-09-28,,Fungistop,283.0
2021-10-05,,Fungistop,435.0
2021-10-12,,Fungistop,281.0
2021-10-19,,Fungistop,285.0
2021-10-26,,Fungistop,278.0
2021-11-02,,Fungistop,325.0
2021-11-09,,Fungistop,302.0
2021-11-16,,Fungistop,297.0
2021-11-23,,Fungistop,488.0
2021-11-30,,Fungistop,344.0
2021-12-07,,Fungistop,353.0
2021-12-14,,Fungistop,368.0
2021-12-21,,Fungistop,466.0
2021-12-28,,Fungistop,298.0
2022-01-04,,Fungistop,286.0
2022-01-11,,Fungistop,261.0
2022-01-18,,Fungistop,275.0
2022-01-25,,Fungistop,279.0
2022-02-01,,Fungistop,330.0
2022-02-08,,Fungistop,312.0
2022-02-15,,Fungistop,357.0
2022-02-22,,Fungistop,295.0
2022-03-01,,Fungistop,329.0
2022-03-08,,Fungistop,293.0
2022-03-15,,Fungistop,312.0
2022-03-22,,Fungistop,295.0
2022-03-29,,Fungistop,471.0
2022-04-05,,Fungistop,460.5
2022-04-12,,Fungistop,308.0
2022-04-19,,Fungistop,328.0
2022-04-26,,Fungistop,307.0
2022-05-03,,Fungistop,323.0
2022-05-10,,Fungistop,291.0
2022-05-17,,Fungistop,300.0
2022-05-24,,Fungistop,445.5
2022-05-31,,Fungistop,329.0
2022-06-07,,Fungistop,305.0
2022-06-14,,Fungistop,305.0
2022-06-21,,Fungistop,303.0
2022-06-28,,Fungistop,327.0
2022-07-05,,Fungistop,311.0
2022-07-12,,Fungistop,283.0
2022-07-19,,Fungistop,293.0
2022-07-26,,Fungistop,275.0
2022-08-02,,Fungistop,318.0
2022-08-09,,Fungistop,290.0
2022-08-16,,Fungistop,304.0
2022-08-23,,Fungistop,310.0
2022-08-30,,Fungistop,316.0
2022-09-06,,Fungistop,321.0
2022-09-13,,Fungistop,279.0
2022-09-20,,Fungistop,291.0
2022-09-27,,Fungistop,292.0
2022-10-04,,Fungistop,309.0
2022-10-11,,Fungistop,286.0
2022-10-18,,Fungistop,306.0
2022-10-25,,Fungistop,307.0
2022-11-01,,Fungistop,354.0
2022-11-08,,Fungistop,312.0
2022-11-15,,Fungistop,308.0
2022-11-22,,Fungistop,508.0
2022-11-29,,Fungistop,376.0
2022-12-06,,Fungistop,367.0
2022-12-13,,Fungistop,380.0
2022-12-20,,Fungistop,459.0
2022-12-27,,Fungistop,350.0
2023-01-03,,Fungistop,312.0
2023-01-10,,Fungistop,291.0
2023-01-17,,Fungistop,288.0
2023-01-24,,Fungistop,296.0
2023-01-31,,Fungistop,334.0
2023-02-07,,Fungistop,349.0
2023-02-14,,Fungistop,356.0
2023-02-21,,Fungistop,312.0
2023-02-28,,Fungistop,359.0
2023-03-07,,Fungistop,347.0
2023-03-14,,Fungistop,339.0
2023-03-21,,Fungistop,321.0
2023-03-28,,Fungistop,331.0
2023-04-04,,Fungistop,403.0
2023-04-11,,Fungistop,352.0
2023-04-18,,Fungistop,330.0
2023-04-25,,Fungistop,325.0
2023-05-02,,Fungistop,361.0
2023-05-09,,Fungistop,334.0
2023-05-16,,Fungistop,336.0
2023-05-23,,Fungistop,342.0
2023-05-30,,Fungistop,360.0
2023-06-06,,Fungistop,342.0
2023-06-13,,Fungistop,327.0
2023-06-20,,Fungistop,325.0
2023-06-27,,Fungistop,330.0
2023-07-04,,Fungistop,341.0
2023-07-11,,Fungistop,316.0
2023-07-18,,Fungistop,321.0
2023-07-25,,Fungistop,307.0
2023-08-01,,Fungistop,324.0
2023-08-08,,Fungistop,307.0
2023-08-15,,Fungistop,314.0
2023-08-22,,Fungistop,321.0
2023-08-29,,Fungistop,345.0
2023-09-05,,Fungistop,351.0
2023-09-12,,Fungistop,450.0
2023-09-19,,Fungistop,307.0
2023-09-26,,Fungistop,310.0
2023-10-03,,Fungistop,514.5
2023-10-10,,Fungistop,325.0
2023-10-17,,Fungistop,469.5
2023-10-24,,Fungistop,320.0
2021-02-02,,Dermacil,1653.0
2021-02-09,,Dermacil,1606.0
2021-02-16,,Dermacil,1567.0
2021-02-23,,Dermacil,1433.0
2021-03-02,,Dermacil,1601.0
2021-03-09,,Dermacil,1559.0
2021-03-16,,Dermacil,1693.0
2021-03-23,,Dermacil,1472.0
2021-03-30,,Dermacil,1770.0
2021-04-06,,Dermacil,1667.0
2021-04-13,,Dermacil,1520.0
2021-04-20,,Dermacil,2310.0
2021-04-27,,Dermacil,1498.0
2021-05-04,,Dermacil,1620.0
2021-05-11,,Dermacil,1524.0
2021-05-18,,Dermacil,1532.0
2021-05-25,,Dermacil,1644.0
2021-06-01,,Dermacil,1857.0
2021-06-08,,Dermacil,1686.0
2021-06-15,,Dermacil,1677.0
2021-06-22,,Dermacil,1641.0
2021-06-29,,Dermacil,1760.0
2021-07-06,,Dermacil,1690.0
2021-07-13,,Dermacil,1560.0
2021-07-20,,Dermacil,1585.0
2021-07-27,,Dermacil,1532.0
2021-08-03,,Dermacil,1633.0
2021-08-10,,Dermacil,1548.0
2021-08-17,,Dermacil,1540.0
2021-08-24,,Dermacil,1451.0
2021-08-31,,Dermacil,1511.0
2021-09-07,,Dermacil,1424.0
2021-09-14,,Dermacil,1963.5
2021-09-21,,Dermacil,1276.0
2021-09-28,,Dermacil,1328.0
2021-10-05,,Dermacil,2040.0
2021-10-12,,Dermacil,1345.0
2021-10-19,,Dermacil,1333.0
2021-10-26,,Dermacil,1385.0
2021-11-02,,Dermacil,1505.0
2021-11-09,,Dermacil,1496.0
2021-11-16,,Dermacil,1519.0
2021-11-23,,Dermacil,2267.0
2021-11-30,,Dermacil,1677.0
2021-12-07,,Dermacil,1835.0
2021-12-14,,Dermacil,2090.0
2021-12-21,,Dermacil,2728.0
2021-12-28,,Dermacil,1464.0
2022-01-04,,Dermacil,1350.0
2022-01-11,,Dermacil,1306.0
2022-01-18,,Dermacil,1261.0
2022-01-25,,Dermacil,1287.0
2022-02-01,,Dermacil,1515.0
2022-02-08,,Dermacil,1487.0
2022-02-15,,Dermacil,1572.0
2022-02-22,,Dermacil,1423.0
2022-03-01,,Dermacil,1503.0
2022-03-08,,Dermacil,1494.0
2022-03-15,,Dermacil,1685.0
2022-03-22,,Dermacil,1438.0
2022-03-29,,Dermacil,2188.5
2022-04-05,,Dermacil,2302.5
2022-04-12,,Dermacil,1449.0
2022-04-19,,Dermacil,1639.0
2022-04-26,,Dermacil,1479.0
2022-05-03,,Dermacil,1505.0
2022-05-10,,Dermacil,1453.0
2022-05-17,,Dermacil,1383.0
2022-05-24,,Dermacil,2286.0
2022-05-31,,Dermacil,1706.0
2022-06-07,,Dermacil,1599.0
2022-06-14,,Dermacil,1622.0
2022-06-21,,Dermacil,1543.0
2022-06-28,,Dermacil,1695.0
2022-07-05,,Dermacil,1709.0
2022-07-12,,Dermacil,1527.0
2022-07-19,,Dermacil,1527.0
2022-07-26,,Dermacil,1484.0
2022-08-02,,Dermacil,1602.0
2022-08-09,,Dermacil,1485.0
2022-08-16,,Dermacil,1494.0
2022-08-23,,Dermacil,1420.0
2022-08-30,,Dermacil,1482.0
2022-09-06,,Dermacil,1484.0
2022-09-13,,Dermacil,1351.0
2022-09-20,,Dermacil,1336.0
2022-09-27,,Dermacil,1308.0
2022-10-04,,Dermacil,1482.0
2022-10-11,,Dermacil,1387.0
2022-10-18,,Dermacil,1418.0
2022-10-25,,Dermacil,1419.0
2022-11-01,,Dermacil,1523.0
2022-11-08,,Dermacil,1536.0
2022-11-15,,Dermacil,1524.0
2022-11-22,,Dermacil,2250.0
2022-11-29,,Dermacil,1689.0
2022-12-06,,Dermacil,1903.0
2022-12-13,,Dermacil,2035.0
2022-12-20,,Dermacil,2645.0
2022-12-27,,Dermacil,1598.0
2023-01-03,,Dermacil,1395.0
2023-01-10,,Dermacil,1344.0
2023-01-17,,Dermacil,1326.0
2023-01-24,,Dermacil,1316.0
2023-01-31,,Dermacil,1496.0
2023-02-07,,Dermacil,1621.0
2023-02-14,,Dermacil,1633.0
2023-02-21,,Dermacil,1465.0
2023-02-28,,Dermacil,1550.0
2023-03-07,,Dermacil,1569.0
2023-03-14,,Dermacil,1748.0
2023-03-21,,Dermacil,1495.0
2023-03-28,,Dermacil,1509.0
2023-04-04,,Dermacil,1840.0
2023-04-11,,Dermacil,1616.0
2023-04-18,,Dermacil,1456.0
2023-04-25,,Dermacil,1456.0
2023-05-02,,Dermacil,1543.0
2023-05-09,,Dermacil,1517.0
2023-05-16,,Dermacil,1514.0
2023-05-23,,Dermacil,1604.0
2023-05-30,,Dermacil,1681.0
2023-06-06,,Dermacil,1697.0
2023-06-13,,Dermacil,1642.0
2023-06-20,,Dermacil,1618.0
2023-06-27,,Dermacil,1649.0
2023-07-04,,Dermacil,1876.0
2023-07-11,,Dermacil,1588.0
2023-07-18,,Dermacil,1574.0
2023-07-25,,Dermacil,1513.0
2023-08-01,,Dermacil,1627.0
2023-08-08,,Dermacil,1588.0
2023-08-15,,Dermacil,1543.0
2023-08-22,,Dermacil,1501.0
2023-08-29,,Dermacil,1577.0
2023-09-05,,Dermacil,1608.0
2023-09-12,,Dermacil,2062.5
2023-09-19,,Dermacil,1426.0
2023-09-26,,Dermacil,1369.0
2023-10-03,,Dermacil,2277.0
2023-10-10,,Dermacil,1459.0
2023-10-17,,Dermacil,2155.5
2023-10-24,,Dermacil,1431.0
2021-02-02,,Hepafix,1100.0
2021-02-09,,Hepafix,1118.0
2021-02-16,,Hepafix,1095.0
2021-02-23,,Hepafix,1049.0
2021-03-02,,Hepafix,1077.0
2021-03-09,,Hepafix,986.0
2021-03-16,,Hepafix,972.0
2021-03-23,,Hepafix,982.0
2021-03-30,,Hepafix,1012.0
2021-04-06,,Hepafix,1041.0
2021-04-13,,Hepafix,958.0
2021-04-20,,Hepafix,1491.0
2021-04-27,,Hepafix,954.0
2021-05-04,,Hepafix,1043.0
2021-05-11,,Hepafix,966.0
2021-05-18,,Hepafix,958.0
2021-05-25,,Hepafix,955.0
2021-06-01,,Hepafix,1049.0
2021-06-08,,Hepafix,1016.0
2021-06-15,,Hepafix,956.0
2021-06-22,,Hepafix,958.0
2021-06-29,,Hepafix,952.0
2021-07-06,,Hepafix,944.0
2021-07-13,,Hepafix,916.0
2021-07-20,,Hepafix,912.0
2021-07-27,,Hepafix,914.0
2021-08-03,,Hepafix,968.0
2021-08-10,,Hepafix,928.0
2021-08-17,,Hepafix,948.0
2021-08-24,,Hepafix,1005.0
2021-08-31,,Hepafix,1076.0
2021-09-07,,Hepafix,903.0
2021-09-14,,Hepafix,1279.5
2021-09-21,,Hepafix,852.0
2021-09-28,,Hepafix,851.0
2021-10-05,,Hepafix,1377.0
2021-10-12,,Hepafix,862.0
2021-10-19,,Hepafix,858.0
2021-10-26,,Hepafix,955.0
2021-11-02,,Hepafix,930.0
2021-11-09,,Hepafix,942.0
2021-11-16,,Hepafix,894.0
2021-11-23,,Hepafix,1601.0
2021-11-30,,Hepafix,1070.0
2021-12-07,,Hepafix,1122.0
2021-12-14,,Hepafix,1296.0
2021-12-21,,Hepafix,1768.0
2021-12-28,,Hepafix,892.0
2022-01-04,,Hepafix,910.0
2022-01-11,,Hepafix,812.0
2022-01-18,,Hepafix,802.0
2022-01-25,,Hepafix,873.0
2022-02-01,,Hepafix,1046.0
2022-02-08,,Hepafix,1086.0
2022-02-15,,Hepafix,1128.0
2022-02-22,,Hepafix,1046.0
2022-03-01,,Hepafix,1085.0
2022-03-08,,Hepafix,998.0
2022-03-15,,Hepafix,1010.0
2022-03-22,,Hepafix,954.0
2022-03-29,,Hepafix,1507.5
2022-04-05,,Hepafix,1497.0
2022-04-12,,Hepafix,991.0
2022-04-19,,Hepafix,1016.0
2022-04-26,,Hepafix,995.0
2022-05-03,,Hepafix,1021.0
2022-05-10,,Hepafix,977.0
2022-05-17,,Hepafix,924.0
2022-05-24,,Hepafix,1446.0
2022-05-31,,Hepafix,970.0
2022-06-07,,Hepafix,997.0
2022-06-14,,Hepafix,987.0
2022-06-21,,Hepafix,997.0
2022-06-28,,Hepafix,962.0
2022-07-05,,Hepafix,944.0
2022-07-12,,Hepafix,936.0
2022-07-19,,Hepafix,922.0
2022-07-26,,Hepafix,891.0
2022-08-02,,Hepafix,989.0
2022-08-09,,Hepafix,956.0
2022-08-16,,Hepafix,967.0
2022-08-23,,Hepafix,1018.0
2022-08-30,,Hepafix,1052.0
2022-09-06,,Hepafix,923.0
2022-09-13,,Hepafix,889.0
2022-09-20,,Hepafix,872.0
2022-09-27,,Hepafix,866.0
2022-10-04,,Hepafix,951.0
2022-10-11,,Hepafix,928.0
2022-10-18,,Hepafix,939.0
2022-10-25,,Hepafix,991.0
2022-11-01,,Hepafix,1052.0
2022-11-08,,Hepafix,1095.0
2022-11-15,,Hepafix,971.0
2022-11-22,,Hepafix,1592.0
2022-11-29,,Hepafix,1071.0
2022-12-06,,Hepafix,1190.0
2022-12-13,,Hepafix,1293.0
2022-12-20,,Hepafix,1618.0
2022-12-27,,Hepafix,1112.0
2023-01-03,,Hepafix,946.0
2023-01-10,,Hepafix,865.0
2023-01-17,,Hepafix,856.0
2023-01-24,,Hepafix,888.0
2023-01-31,,Hepafix,1059.0
2023-02-07,,Hepafix,1199.0
2023-02-14,,Hepafix,1240.0
2023-02-21,,Hepafix,1112.0
2023-02-28,,Hepafix,1148.0
2023-03-07,,Hepafix,1113.0
2023-03-14,,Hepafix,1088.0
2023-03-21,,Hepafix,1045.0
2023-03-28,,Hepafix,1025.0
2023-04-04,,Hepafix,1129.0
2023-04-11,,Hepafix,1084.0
2023-04-18,,Hepafix,1006.0
2023-04-25,,Hepafix,1004.0
2023-05-02,,Hepafix,1073.0
2023-05-09,,Hepafix,1042.0
2023-05-16,,Hepafix,1020.0
2023-05-23,,Hepafix,992.0
2023-05-30,,Hepafix,981.0
2023-06-06,,Hepafix,1086.0
2023-06-13,,Hepafix,1020.0
2023-06-20,,Hepafix,981.0
2023-06-27,,Hepafix,943.0
2023-07-04,,Hepafix,1015.0
2023-07-11,,Hepafix,960.0
2023-07-18,,Hepafix,942.0
2023-07-25,,Hepafix,917.0
2023-08-01,,Hepafix,959.0
2023-08-08,,Hepafix,985.0
2023-08-15,,Hepafix,1005.0
2023-08-22,,Hepafix,1048.0
2023-08-29,,Hepafix,1062.0
2023-09-05,,Hepafix,955.0
2023-09-12,,Hepafix,1329.0
2023-09-19,,Hepafix,923.0
2023-09-26,,Hepafix,880.0
2023-10-03,,Hepafix,1470.0
2023-10-10,,Hepafix,935.0
2023-10-17,,Hepafix,1441.5
2023-10-24,,Hepafix,975.0
2021-02-02,,Neurofix,1967.0
2021-02-09,,Neurofix,2031.0
2021-02-16,,Neurofix,1970.0
2021-02-23,,Neurofix,1818.0
2021-03-02,,Neurofix,1940.0
2021-03-09,,Neurofix,1841.0
2021-03-16,,Neurofix,1880.0
2021-03-23,,Neurofix,1882.0
2021-03-30,,Neurofix,2142.0
2021-04-06,,Neurofix,1898.0
2021-04-13,,Neurofix,1820.0
2021-04-20,,Neurofix,2863.5
2021-04-27,,Neurofix,1786.0
2021-05-04,,Neurofix,2005.0
2021-05-11,,Neurofix,1890.0
2021-05-18,,Neurofix,1854.0
2021-05-25,,Neurofix,1877.0
2021-06-01,,Neurofix,2023.0
2021-06-08,,Neurofix,2038.0
2021-06-15,,Neurofix,2003.0
2021-06-22,,Neurofix,1970.0
2021-06-29,,Neurofix,2018.0
2021-07-06,,Neurofix,1871.0
2021-07-13,,Neurofix,1932.0
2021-07-20,,Neurofix,1907.0
2021-07-27,,Neurofix,1818.0
2021-08-03,,Neurofix,1969.0
2021-08-10,,Neurofix,1878.0
2021-08-17,,Neurofix,1997.0
2021-08-24,,Neurofix,1908.0
2021-08-31,,Neurofix,1912.0
2021-09-07,,Neurofix,1772.0
2021-09-14,,Neurofix,2685.0
2021-09-21,,Neurofix,1706.0
2021-09-28,,Neurofix,1766.0
2021-10-05,,Neurofix,2808.0
2021-10-12,,Neurofix,1851.0
2021-10-19,,Neurofix,1797.0
2021-10-26,,Neurofix,1888.0
2021-11-02,,Neurofix,1855.0
2021-11-09,,Neurofix,1940.0
2021-11-16,,Neurofix,1925.0
2021-11-23,,Neurofix,2766.0
2021-11-30,,Neurofix,2083.0
2021-12-07,,Neurofix,2461.0
2021-12-14,,Neurofix,2772.0
2021-12-21,,Neurofix,3596.0
2021-12-28,,Neurofix,1675.0
2022-01-04,,Neurofix,1745.0
2022-01-11,,Neurofix,1682.0
2022-01-18,,Neurofix,1770.0
2022-01-25,,Neurofix,1634.0
2022-02-01,,Neurofix,1848.0
2022-02-08,,Neurofix,1944.0
2022-02-15,,Neurofix,2003.0
2022-02-22,,Neurofix,1832.0
2022-03-01,,Neurofix,1895.0
2022-03-08,,Neurofix,1852.0
2022-03-15,,Neurofix,1852.0
2022-03-22,,Neurofix,1808.0
2022-03-29,,Neurofix,2796.0
2022-04-05,,Neurofix,2830.5
2022-04-12,,Neurofix,1951.0
2022-04-19,,Neurofix,2124.0
2022-04-26,,Neurofix,1896.0
2022-05-03,,Neurofix,1986.0
2022-05-10,,Neurofix,1959.0
2022-05-17,,Neurofix,1861.0
2022-05-24,,Neurofix,2799.0
2022-05-31,,Neurofix,1936.0
2022-06-07,,Neurofix,1998.0
2022-06-14,,Neurofix,2086.0
2022-06-21,,Neurofix,2009.0
2022-06-28,,Neurofix,2048.0
2022-07-05,,Neurofix,2022.0
2022-07-12,,Neurofix,1957.0
2022-07-19,,Neurofix,1987.0
2022-07-26,,Neurofix,1881.0
2022-08-02,,Neurofix,2076.0
2022-08-09,,Neurofix,1970.0
2022-08-16,,Neurofix,2090.0
2022-08-23,,Neurofix,2035.0
2022-08-30,,Neurofix,1954.0
2022-09-06,,Neurofix,1873.0
2022-09-13,,Neurofix,1923.0
2022-09-20,,Neurofix,1847.0
2022-09-27,,Neurofix,1836.0
2022-10-04,,Neurofix,2067.0
2022-10-11,,Neurofix,1930.0
2022-10-18,,Neurofix,1974.0
2022-10-25,,Neurofix,1949.0
2022-11-01,,Neurofix,2036.0
2022-11-08,,Neurofix,2112.0
2022-11-15,,Neurofix,2016.0
2022-11-22,,Neurofix,2864.0
2022-11-29,,Neurofix,2051.0
2022-12-06,,Neurofix,2463.0
2022-12-13,,Neurofix,2760.0
2022-12-20,,Neurofix,3557.0
2022-12-27,,Neurofix,1969.0
2023-01-03,,Neurofix,1866.0
2023-01-10,,Neurofix,1795.0
2023-01-17,,Neurofix,1812.0
2023-01-24,,Neurofix,1734.0
2023-01-31,,Neurofix,1928.0
2023-02-07,,Neurofix,2069.0
2023-02-14,,Neurofix,2214.0
2023-02-21,,Neurofix,1930.0
2023-02-28,,Neurofix,1970.0
2023-03-07,,Neurofix,1986.0
2023-03-14,,Neurofix,2026.0
2023-03-21,,Neurofix,1904.0
2023-03-28,,Neurofix,1949.0
2023-04-04,,Neurofix,2272.0
2023-04-11,,Neurofix,2058.0
2023-04-18,,Neurofix,1956.0
2023-04-25,,Neurofix,1970.0
2023-05-02,,Neurofix,1996.0
2023-05-09,,Neurofix,2081.0
2023-05-16,,Neurofix,2132.0
2023-05-23,,Neurofix,2043.0
2023-05-30,,Neurofix,2035.0
2023-06-06,,Neurofix,2182.0
2023-06-13,,Neurofix,2152.0
2023-06-20,,Neurofix,2094.0
2023-06-27,,Neurofix,2038.0
2023-07-04,,Neurofix,2185.0
2023-07-11,,Neurofix,2003.0
2023-07-18,,Neurofix,2053.0
2023-07-25,,Neurofix,1914.0
2023-08-01,,Neurofix,2044.0
2023-08-08,,Neurofix,2041.0
2023-08-15,,Neurofix,2096.0
2023-08-22,,Neurofix,2059.0
2023-08-29,,Neurofix,2074.0
2023-09-05,,Neurofix,2166.0
2023-09-12,,Neurofix,2880.0
2023-09-19,,Neurofix,1938.0
2023-09-26,,Neurofix,1928.0
2023-10-03,,Neurofix,3063.0
2023-10-10,,Neurofix,1999.0
2023-10-17,,Neurofix,3027.0
2023-10-24,,Neurofix,2035.0
2021-02-02,,Analgesix,652.0
2021-02-09,,Analgesix,682.0
2021-02-16,,Analgesix,661.0
2021-02-23,,Analgesix,565.0
2021-03-02,,Analgesix,605.0
2021-03-09,,Analgesix,604.0
2021-03-16,,Analgesix,594.0
2021-03-23,,Analgesix,592.0
2021-03-30,,Analgesix,718.0
2021-04-06,,Analgesix,635.0
2021-04-13,,Analgesix,641.0
2021-04-20,,Analgesix,964.5
2021-04-27,,Analgesix,571.0
2021-05-04,,Analgesix,661.0
2021-05-11,,Analgesix,594.0
2021-05-18,,Analgesix,617.0
2021-05-25,,Analgesix,745.0
2021-06-01,,Analgesix,693.0
2021-06-08,,Analgesix,619.0
2021-06-15,,Analgesix,652.0
2021-06-22,,Analgesix,672.0
2021-06-29,,Analgesix,709.0
2021-07-06,,Analgesix,691.0
2021-07-13,,Analgesix,633.0
2021-07-20,,Analgesix,599.0
2021-07-27,,Analgesix,619.0
2021-08-03,,Analgesix,640.0
2021-08-10,,Analgesix,622.0
2021-08-17,,Analgesix,637.0
2021-08-24,,Analgesix,650.0
2021-08-31,,Analgesix,639.0
2021-09-07,,Analgesix,642.0
2021-09-14,,Analgesix,874.5
2021-09-21,,Analgesix,549.0
2021-09-28,,Analgesix,567.0
2021-10-05,,Analgesix,888.0
2021-10-12,,Analgesix,577.0
2021-10-19,,Analgesix,600.0
2021-10-26,,Analgesix,598.0
2021-11-02,,Analgesix,613.0
2021-11-09,,Analgesix,620.0
2021-11-16,,Analgesix,608.0
2021-11-23,,Analgesix,1120.0
2021-11-30,,Analgesix,754.0
2021-12-07,,Analgesix,847.0
2021-12-14,,Analgesix,984.0
2021-12-21,,Analgesix,1368.0
2021-12-28,,Analgesix,544.0
2022-01-04,,Analgesix,510.0
2022-01-11,,Analgesix,479.0
2022-01-18,,Analgesix,487.0
2022-01-25,,Analgesix,481.0
2022-02-01,,Analgesix,557.0
2022-02-08,,Analgesix,583.0
2022-02-15,,Analgesix,650.0
2022-02-22,,Analgesix,548.0
2022-03-01,,Analgesix,573.0
2022-03-08,,Analgesix,537.0
2022-03-15,,Analgesix,552.0
2022-03-22,,Analgesix,527.0
2022-03-29,,Analgesix,814.5
2022-04-05,,Analgesix,880.5
2022-04-12,,Analgesix,608.0
2022-04-19,,Analgesix,655.0
2022-04-26,,Analgesix,561.0
2022-05-03,,Analgesix,631.0
2022-05-10,,Analgesix,630.0
2022-05-17,,Analgesix,594.0
2022-05-24,,Analgesix,954.0
2022-05-31,,Analgesix,695.0
2022-06-07,,Analgesix,643.0
2022-06-14,,Analgesix,640.0
2022-06-21,,Analgesix,657.0
2022-06-28,,Analgesix,675.0
2022-07-05,,Analgesix,635.0
2022-07-12,,Analgesix,624.0
2022-07-19,,Analgesix,607.0
2022-07-26,,Analgesix,578.0
2022-08-02,,Analgesix,608.0
2022-08-09,,Analgesix,591.0
2022-08-16,,Analgesix,599.0
2022-08-23,,Analgesix,605.0
2022-08-30,,Analgesix,649.0
2022-09-06,,Analgesix,608.0
2022-09-13,,Analgesix,545.0
2022-09-20,,Analgesix,546.0
2022-09-27,,Analgesix,521.0
2022-10-04,,Analgesix,579.0
2022-10-11,,Analgesix,537.0
2022-10-18,,Analgesix,603.0
2022-10-25,,Analgesix,590.0
2022-11-01,,Analgesix,615.0
2022-11-08,,Analgesix,619.0
2022-11-15,,Analgesix,598.0
2022-11-22,,Analgesix,1066.0
2022-11-29,,Analgesix,699.0
2022-12-06,,Analgesix,765.0
2022-12-13,,Analgesix,870.0
2022-12-20,,Analgesix,1183.0
2022-12-27,,Analgesix,603.0
2023-01-03,,Analgesix,516.0
2023-01-10,,Analgesix,454.0
2023-01-17,,Analgesix,493.0
2023-01-24,,Analgesix,466.0
2023-01-31,,Analgesix,524.0
2023-02-07,,Analgesix,628.0
2023-02-14,,Analgesix,599.0
2023-02-21,,Analgesix,561.0
2023-02-28,,Analgesix,541.0
2023-03-07,,Analgesix,545.0
2023-03-14,,Analgesix,571.0
2023-03-21,,Analgesix,565.0
2023-03-28,,Analgesix,558.0
2023-04-04,,Analgesix,660.0
2023-04-11,,Analgesix,559.0
2023-04-18,,Analgesix,535.0
2023-04-25,,Analgesix,527.0
2023-05-02,,Analgesix,578.0
2023-05-09,,Analgesix,580.0
2023-05-16,,Analgesix,600.0
2023-05-23,,Analgesix,694.0
2023-05-30,,Analgesix,664.0
2023-06-06,,Analgesix,611.0
2023-06-13,,Analgesix,637.0
2023-06-20,,Analgesix,687.0
2023-06-27,,Analgesix,624.0
2023-07-04,,Analgesix,678.0
2023-07-11,,Analgesix,591.0
2023-07-18,,Analgesix,592.0
2023-07-25,,Analgesix,571.0
2023-08-01,,Analgesix,591.0
2023-08-08,,Analgesix,590.0
2023-08-15,,Analgesix,580.0
2023-08-22,,Analgesix,606.0
2023-08-29,,Analgesix,610.0
2023-09-05,,Analgesix,587.0
2023-09-12,,Analgesix,792.0
2023-09-19,,Analgesix,533.0
2023-09-26,,Analgesix,554.0
2023-10-03,,Analgesix,859.5
2023-10-10,,Analgesix,552.0
2023-10-17,,Analgesix,834.0
2023-10-24,,Analgesix,558.0
2021-02-02,,Dermaglow,477.0
2021-02-09,,Dermaglow,472.0
2021-02-16,,Dermaglow,470.0
2021-02-23,,Dermaglow,443.0
2021-03-02,,Dermaglow,444.0
2021-03-09,,Dermaglow,445.0
2021-03-16,,Dermaglow,504.0
2021-03-23,,Dermaglow,483.0
2021-03-30,,Dermaglow,491.0
2021-04-06,,Dermaglow,424.0
2021-04-13,,Dermaglow,436.0
2021-04-20,,Dermaglow,555.0
2021-04-27,,Dermaglow,384.0
2021-05-04,,Dermaglow,403.0
2021-05-11,,Dermaglow,402.0
2021-05-18,,Dermaglow,435.0
2021-05-25,,Dermaglow,479.0
2021-06-01,,Dermaglow,516.0
2021-06-08,,Dermaglow,536.0
2021-06-15,,Dermaglow,540.0
2021-06-22,,Dermaglow,547.0
2021-06-29,,Dermaglow,611.0
2021-07-06,,Dermaglow,614.0
2021-07-13,,Dermaglow,587.0
2021-07-20,,Dermaglow,588.0
2021-07-27,,Dermaglow,563.0
2021-08-03,,Dermaglow,587.0
2021-08-10,,Dermaglow,544.0
2021-08-17,,Dermaglow,522.0
2021-08-24,,Dermaglow,581.0
2021-08-31,,Dermaglow,542.0
2021-09-07,,Dermaglow,538.0
2021-09-14,,Dermaglow,783.0
2021-09-21,,Dermaglow,511.0
2021-09-28,,Dermaglow,464.0
2021-10-05,,Dermaglow,664.5
2021-10-12,,Dermaglow,452.0
2021-10-19,,Dermaglow,541.0
2021-10-26,,Dermaglow,495.0
2021-11-02,,Dermaglow,447.0
2021-11-09,,Dermaglow,454.0
2021-11-16,,Dermaglow,459.0
2021-11-23,,Dermaglow,652.0
2021-11-30,,Dermaglow,512.0
2021-12-07,,Dermaglow,570.0
2021-12-14,,Dermaglow,649.0
2021-12-21,,Dermaglow,1005.0
2021-12-28,,Dermaglow,575.0
2022-01-04,,Dermaglow,574.0
2022-01-11,,Dermaglow,470.0
2022-01-18,,Dermaglow,463.0
2022-01-25,,Dermaglow,448.0
2022-02-01,,Dermaglow,479.0
2022-02-08,,Dermaglow,467.0
2022-02-15,,Dermaglow,491.0
2022-02-22,,Dermaglow,475.0
2022-03-01,,Dermaglow,485.0
2022-03-08,,Dermaglow,458.0
2022-03-15,,Dermaglow,497.0
2022-03-22,,Dermaglow,465.0
2022-03-29,,Dermaglow,690.0
2022-04-05,,Dermaglow,658.5
2022-04-12,,Dermaglow,428.0
2022-04-19,,Dermaglow,369.0
2022-04-26,,Dermaglow,378.0
2022-05-03,,Dermaglow,424.0
2022-05-10,,Dermaglow,410.0
2022-05-17,,Dermaglow,435.0
2022-05-24,,Dermaglow,667.5
2022-05-31,,Dermaglow,531.0
2022-06-07,,Dermaglow,601.0
2022-06-14,,Dermaglow,582.0
2022-06-21,,Dermaglow,569.0
2022-06-28,,Dermaglow,609.0
2022-07-05,,Dermaglow,635.0
2022-07-12,,Dermaglow,587.0
2022-07-19,,Dermaglow,582.0
2022-07-26,,Dermaglow,582.0
2022-08-02,,Dermaglow,593.0
2022-08-09,,Dermaglow,564.0
2022-08-16,,Dermaglow,555.0
2022-08-23,,Dermaglow,557.0
2022-08-30,,Dermaglow,581.0
2022-09-06,,Dermaglow,575.0
2022-09-13,,Dermaglow,539.0
2022-09-20,,Dermaglow,505.0
2022-09-27,,Dermaglow,450.0
2022-10-04,,Dermaglow,483.0
2022-10-11,,Dermaglow,498.0
2022-10-18,,Dermaglow,560.0
2022-10-25,,Dermaglow,506.0
2022-11-01,,Dermaglow,511.0
2022-11-08,,Dermaglow,513.0
2022-11-15,,Dermaglow,480.0
2022-11-22,,Dermaglow,712.0
2022-11-29,,Dermaglow,530.0
2022-12-06,,Dermaglow,575.0
2022-12-13,,Dermaglow,679.0
2022-12-20,,Dermaglow,951.0
2022-12-27,,Dermaglow,666.0
2023-01-03,,Dermaglow,565.0
2023-01-10,,Dermaglow,509.0
2023-01-17,,Dermaglow,474.0
2023-01-24,,Dermaglow,454.0
2023-01-31,,Dermaglow,476.0
2023-02-07,,Dermaglow,474.0
2023-02-14,,Dermaglow,494.0
2023-02-21,,Dermaglow,496.0
2023-02-28,,Dermaglow,464.0
2023-03-07,,Dermaglow,496.0
2023-03-14,,Dermaglow,521.0
2023-03-21,,Dermaglow,494.0
2023-03-28,,Dermaglow,485.0
2023-04-04,,Dermaglow,503.0
2023-04-11,,Dermaglow,451.0
2023-04-18,,Dermaglow,436.0
2023-04-25,,Dermaglow,398.0
2023-05-02,,Dermaglow,427.0
2023-05-09,,Dermaglow,480.0
2023-05-16,,Dermaglow,494.0
2023-05-23,,Dermaglow,518.0
2023-05-30,,Dermaglow,532.0
2023-06-06,,Dermaglow,604.0
2023-06-13,,Dermaglow,570.0
2023-06-20,,Dermaglow,582.0
2023-06-27,,Dermaglow,570.0
2023-07-04,,Dermaglow,642.0
2023-07-11,,Dermaglow,569.0
2023-07-18,,Dermaglow,565.0
2023-07-25,,Dermaglow,539.0
2023-08-01,,Dermaglow,584.0
2023-08-08,,Dermaglow,554.0
2023-08-15,,Dermaglow,522.0
2023-08-22,,Dermaglow,551.0
2023-08-29,,Dermaglow,552.0
2023-09-05,,Dermaglow,537.0
2023-09-12,,Dermaglow,790.5
2023-09-19,,Dermaglow,510.0
2023-09-26,,Dermaglow,470.0
2023-10-03,,Dermaglow,706.5
2023-10-10,,Dermaglow,492.0
2023-10-17,,Dermaglow,865.5
2023-10-24,,Dermaglow,476.0
2021-02-02,,Cancerend,789.0
2021-02-09,,Cancerend,842.0
2021-02-16,,Cancerend,801.0
2021-02-23,,Cancerend,750.0
2021-03-02,,Cancerend,783.0
2021-03-09,,Cancerend,764.0
2021-03-16,,Cancerend,752.0
2021-03-23,,Cancerend,793.0
2021-03-30,,Cancerend,849.0
2021-04-06,,Cancerend,770.0
2021-04-13,,Cancerend,758.0
2021-04-20,,Cancerend,1467.0
2021-04-27,,Cancerend,808.0
2021-05-04,,Cancerend,844.0
2021-05-11,,Cancerend,814.0
2021-05-18,,Cancerend,827.0
2021-05-25,,Cancerend,873.0
2021-06-01,,Cancerend,877.0
2021-06-08,,Cancerend,845.0
2021-06-15,,Cancerend,878.0
2021-06-22,,Cancerend,894.0
2021-06-29,,Cancerend,959.0
2021-07-06,,Cancerend,837.0
2021-07-13,,Cancerend,877.0
2021-07-20,,Cancerend,894.0
2021-07-27,,Cancerend,834.0
2021-08-03,,Cancerend,795.0
2021-08-10,,Cancerend,760.0
2021-08-17,,Cancerend,784.0
2021-08-24,,Cancerend,803.0
2021-08-31,,Cancerend,834.0
2021-09-07,,Cancerend,1201.0
2021-09-14,,Cancerend,1306.5
2021-09-21,,Cancerend,853.0
2021-09-28,,Cancerend,829.0
2021-10-05,,Cancerend,1242.0
2021-10-12,,Cancerend,838.0
2021-10-19,,Cancerend,815.0
2021-10-26,,Cancerend,862.0
2021-11-02,,Cancerend,818.0
2021-11-09,,Cancerend,855.0
2021-11-16,,Cancerend,782.0
2021-11-23,,Cancerend,1005.0
2021-11-30,,Cancerend,927.0
2021-12-07,,Cancerend,962.0
2021-12-14,,Cancerend,1049.0
2021-12-21,,Cancerend,1309.0
2021-12-28,,Cancerend,636.0
2022-01-04,,Cancerend,1083.0
2022-01-11,,Cancerend,759.0
2022-01-18,,Cancerend,756.0
2022-01-25,,Cancerend,736.0
2022-02-01,,Cancerend,817.0
2022-02-08,,Cancerend,813.0
2022-02-15,,Cancerend,861.0
2022-02-22,,Cancerend,767.0
2022-03-01,,Cancerend,816.0
2022-03-08,,Cancerend,780.0
2022-03-15,,Cancerend,778.0
2022-03-22,,Cancerend,781.0
2022-03-29,,Cancerend,1194.0
2022-04-05,,Cancerend,1218.0
2022-04-12,,Cancerend,825.0
2022-04-19,,Cancerend,1061.0
2022-04-26,,Cancerend,807.0
2022-05-03,,Cancerend,882.0
2022-05-10,,Cancerend,871.0
2022-05-17,,Cancerend,844.0
2022-05-24,,Cancerend,1338.0
2022-05-31,,Cancerend,895.0
2022-06-07,,Cancerend,881.0
2022-06-14,,Cancerend,895.0
2022-06-21,,Cancerend,921.0
2022-06-28,,Cancerend,941.0
2022-07-05,,Cancerend,915.0
2022-07-12,,Cancerend,903.0
2022-07-19,,Cancerend,899.0
2022-07-26,,Cancerend,862.0
2022-08-02,,Cancerend,866.0
2022-08-09,,Cancerend,801.0
2022-08-16,,Cancerend,798.0
2022-08-23,,Cancerend,837.0
2022-08-30,,Cancerend,847.0
2022-09-06,,Cancerend,1162.0
2022-09-13,,Cancerend,1051.0
2022-09-20,,Cancerend,896.0
2022-09-27,,Cancerend,868.0
2022-10-04,,Cancerend,918.0
2022-10-11,,Cancerend,884.0
2022-10-18,,Cancerend,877.0
2022-10-25,,Cancerend,937.0
2022-11-01,,Cancerend,928.0
2022-11-08,,Cancerend,915.0
2022-11-15,,Cancerend,878.0
2022-11-22,,Cancerend,1226.0
2022-11-29,,Cancerend,945.0
2022-12-06,,Cancerend,977.0
2022-12-13,,Cancerend,1068.0
2022-12-20,,Cancerend,1289.0
2022-12-27,,Cancerend,777.0
2023-01-03,,Cancerend,1198.0
2023-01-10,,Cancerend,874.0
2023-01-17,,Cancerend,809.0
2023-01-24,,Cancerend,770.0
2023-01-31,,Cancerend,865.0
2023-02-07,,Cancerend,880.0
2023-02-14,,Cancerend,927.0
2023-02-21,,Cancerend,844.0
2023-02-28,,Cancerend,856.0
2023-03-07,,Cancerend,860.0
2023-03-14,,Cancerend,853.0
2023-03-21,,Cancerend,852.0
2023-03-28,,Cancerend,872.0
2023-04-04,,Cancerend,987.0
2023-04-11,,Cancerend,877.0
2023-04-18,,Cancerend,1120.0
2023-04-25,,Cancerend,926.0
2023-05-02,,Cancerend,930.0
2023-05-09,,Cancerend,944.0
2023-05-16,,Cancerend,969.0
2023-05-23,,Cancerend,985.0
2023-05-30,,Cancerend,939.0
2023-06-06,,Cancerend,988.0
2023-06-13,,Cancerend,964.0
2023-06-20,,Cancerend,981.0
2023-06-27,,Cancerend,982.0
2023-07-04,,Cancerend,1047.0
2023-07-11,,Cancerend,961.0
2023-07-18,,Cancerend,945.0
2023-07-25,,Cancerend,907.0
2023-08-01,,Cancerend,878.0
2023-08-08,,Cancerend,849.0
2023-08-15,,Cancerend,845.0
2023-08-22,,Cancerend,924.0
2023-08-29,,Cancerend,866.0
2023-09-05,,Cancerend,1256.0
2023-09-12,,Cancerend,1606.5
2023-09-19,,Cancerend,938.0
2023-09-26,,Cancerend,973.0
2023-10-03,,Cancerend,1429.5
2023-10-10,,Cancerend,920.0
2023-10-17,,Cancerend,1435.5
2023-10-24,,Cancerend,943.0
2021-02-02,,Hepaheal,1508.0
2021-02-09,,Hepaheal,1537.0
2021-02-16,,Hepaheal,1516.0
2021-02-23,,Hepaheal,1373.0
2021-03-02,,Hepaheal,1496.0
2021-03-09,,Hepaheal,1468.0
2021-03-16,,Hepaheal,1333.0
2021-03-23,,Hepaheal,1427.0
2021-03-30,,Hepaheal,1643.0
2021-04-06,,Hepaheal,1490.0
2021-04-13,,Hepaheal,1460.0
2021-04-20,,Hepaheal,2185.5
2021-04-27,,Hepaheal,1405.0
2021-05-04,,Hepaheal,1566.0
2021-05-11,,Hepaheal,1437.0
2021-05-18,,Hepaheal,1378.0
2021-05-25,,Hepaheal,1649.0
2021-06-01,,Hepaheal,1519.0
2021-06-08,,Hepaheal,1411.0
2021-06-15,,Hepaheal,1457.0
2021-06-22,,Hepaheal,1450.0
2021-06-29,,Hepaheal,1549.0
2021-07-06,,Hepaheal,1578.0
2021-07-13,,Hepaheal,1412.0
2021-07-20,,Hepaheal,1372.0
2021-07-27,,Hepaheal,1366.0
2021-08-03,,Hepaheal,1492.0
2021-08-10,,Hepaheal,1418.0
2021-08-17,,Hepaheal,1419.0
2021-08-24,,Hepaheal,1558.0
2021-08-31,,Hepaheal,1624.0
2021-09-07,,Hepaheal,1591.0
2021-09-14,,Hepaheal,2080.5
2021-09-21,,Hepaheal,1318.0
2021-09-28,,Hepaheal,1379.0
2021-10-05,,Hepaheal,2143.5
2021-10-12,,Hepaheal,1369.0
2021-10-19,,Hepaheal,1357.0
2021-10-26,,Hepaheal,1405.0
2021-11-02,,Hepaheal,1435.0
2021-11-09,,Hepaheal,1490.0
2021-11-16,,Hepaheal,1378.0
2021-11-23,,Hepaheal,1993.0
2021-11-30,,Hepaheal,1616.0
2021-12-07,,Hepaheal,1799.0
2021-12-14,,Hepaheal,1912.0
2021-12-21,,Hepaheal,2678.0
2021-12-28,,Hepaheal,1275.0
2022-01-04,,Hepaheal,1224.0
2022-01-11,,Hepaheal,1181.0
2022-01-18,,Hepaheal,1213.0
2022-01-25,,Hepaheal,1284.0
2022-02-01,,Hepaheal,1371.0
2022-02-08,,Hepaheal,1431.0
2022-02-15,,Hepaheal,1457.0
2022-02-22,,Hepaheal,1297.0
2022-03-01,,Hepaheal,1434.0
2022-03-08,,Hepaheal,1351.0
2022-03-15,,Hepaheal,1258.0
2022-03-22,,Hepaheal,1267.0
2022-03-29,,Hepaheal,1959.0
2022-04-05,,Hepaheal,2130.0
2022-04-12,,Hepaheal,1392.0
2022-04-19,,Hepaheal,1514.0
2022-04-26,,Hepaheal,1297.0
2022-05-03,,Hepaheal,1452.0
2022-05-10,,Hepaheal,1429.0
2022-05-17,,Hepaheal,1355.0
2022-05-24,,Hepaheal,2083.5
2022-05-31,,Hepaheal,1457.0
2022-06-07,,Hepaheal,1467.0
2022-06-14,,Hepaheal,1419.0
2022-06-21,,Hepaheal,1441.0
2022-06-28,,Hepaheal,1463.0
2022-07-05,,Hepaheal,1465.0
2022-07-12,,Hepaheal,1392.0
2022-07-19,,Hepaheal,1377.0
2022-07-26,,Hepaheal,1299.0
2022-08-02,,Hepaheal,1409.0
2022-08-09,,Hepaheal,1361.0
2022-08-16,,Hepaheal,1392.0
2022-08-23,,Hepaheal,1548.0
2022-08-30,,Hepaheal,1610.0
2022-09-06,,Hepaheal,1567.0
2022-09-13,,Hepaheal,1366.0
2022-09-20,,Hepaheal,1300.0
2022-09-27,,Hepaheal,1331.0
2022-10-04,,Hepaheal,1462.0
2022-10-11,,Hepaheal,1319.0
2022-10-18,,Hepaheal,1375.0
2022-10-25,,Hepaheal,1397.0
2022-11-01,,Hepaheal,1480.0
2022-11-08,,Hepaheal,1502.0
2022-11-15,,Hepaheal,1412.0
2022-11-22,,Hepaheal,1975.0
2022-11-29,,Hepaheal,1485.0
2022-12-06,,Hepaheal,1714.0
2022-12-13,,Hepaheal,1852.0
2022-12-20,,Hepaheal,2480.0
2022-12-27,,Hepaheal,1405.0
2023-01-03,,Hepaheal,1267.0
2023-01-10,,Hepaheal,1182.0
2023-01-17,,Hepaheal,1237.0
2023-01-24,,Hepaheal,1280.0
2023-01-31,,Hepaheal,1345.0
2023-02-07,,Hepaheal,1499.0
2023-02-14,,Hepaheal,1425.0
2023-02-21,,Hepaheal,1352.0
2023-02-28,,Hepaheal,1309.0
2023-03-07,,Hepaheal,1359.0
2023-03-14,,Hepaheal,1313.0
2023-03-21,,Hepaheal,1342.0
2023-03-28,,Hepaheal,1327.0
2023-04-04,,Hepaheal,1632.0
2023-04-11,,Hepaheal,1365.0
2023-04-18,,Hepaheal,1255.0
2023-04-25,,Hepaheal,1286.0
2023-05-02,,Hepaheal,1405.0
2023-05-09,,Hepaheal,1443.0
2023-05-16,,Hepaheal,1367.0
2023-05-23,,Hepaheal,1486.0
2023-05-30,,Hepaheal,1451.0
2023-06-06,,Hepaheal,1390.0
2023-06-13,,Hepaheal,1440.0
2023-06-20,,Hepaheal,1468.0
2023-06-27,,Hepaheal,1380.0
2023-07-04,,Hepaheal,1557.0
2023-07-11,,Hepaheal,1322.0
2023-07-18,,Hepaheal,1318.0
2023-07-25,,Hepaheal,1249.0
2023-08-01,,Hepaheal,1342.0
2023-08-08,,Hepaheal,1409.0
2023-08-15,,Hepaheal,1375.0
2023-08-22,,Hepaheal,1545.0
2023-08-29,,Hepaheal,1543.0
2023-09-05,,Hepaheal,1497.0
2023-09-12,,Hepaheal,2056.5
2023-09-19,,Hepaheal,1339.0
2023-09-26,,Hepaheal,1338.0
2023-10-03,,Hepaheal,2112.0
2023-10-10,,Hepaheal,1353.0
2023-10-17,,Hepaheal,1981.5
2023-10-24,,Hepaheal,1322.0
2021-02-02,,AntifungalY,1389.0
2021-02-09,,AntifungalY,1414.0
2021-02-16,,AntifungalY,1385.0
2021-02-23,,AntifungalY,1159.0
2021-03-02,,AntifungalY,1412.0
2021-03-09,,AntifungalY,1309.0
2021-03-16,,AntifungalY,1223.0
2021-03-23,,AntifungalY,1258.0
2021-03-30,,AntifungalY,1478.0
2021-04-06,,AntifungalY,1380.0
2021-04-13,,AntifungalY,1268.0
2021-04-20,,AntifungalY,1896.0
2021-04-27,,AntifungalY,1260.0
2021-05-04,,AntifungalY,1410.0
2021-05-11,,AntifungalY,1347.0
2021-05-18,,AntifungalY,1283.0
2021-05-25,,AntifungalY,1474.0
2021-06-01,,AntifungalY,1567.0
2021-06-08,,AntifungalY,1375.0
2021-06-15,,AntifungalY,1354.0
2021-06-22,,AntifungalY,1399.0
2021-06-29,,AntifungalY,1563.0
2021-07-06,,AntifungalY,1666.0
2021-07-13,,AntifungalY,1419.0
2021-07-20,,AntifungalY,1334.0
2021-07-27,,AntifungalY,1388.0
2021-08-03,,AntifungalY,1443.0
2021-08-10,,AntifungalY,1384.0
2021-08-17,,AntifungalY,1375.0
2021-08-24,,AntifungalY,1350.0
2021-08-31,,AntifungalY,1366.0
2021-09-07,,AntifungalY,1474.0
2021-09-14,,AntifungalY,1909.5
2021-09-21,,AntifungalY,1169.0
2021-09-28,,AntifungalY,1215.0
2021-10-05,,AntifungalY,2043.0
2021-10-12,,AntifungalY,1301.0
2021-10-19,,AntifungalY,1235.0
2021-10-26,,AntifungalY,1245.0
2021-11-02,,AntifungalY,1285.0
2021-11-09,,AntifungalY,1313.0
2021-11-16,,AntifungalY,1277.0
2021-11-23,,AntifungalY,1779.0
2021-11-30,,AntifungalY,1413.0
2021-12-07,,AntifungalY,1593.0
2021-12-14,,AntifungalY,1664.0
2021-12-21,,AntifungalY,2386.0
2021-12-28,,AntifungalY,1209.0
2022-01-04,,AntifungalY,1179.0
2022-01-11,,AntifungalY,1168.0
2022-01-18,,AntifungalY,1107.0
2022-01-25,,AntifungalY,1127.0
2022-02-01,,AntifungalY,1225.0
2022-02-08,,AntifungalY,1341.0
2022-02-15,,AntifungalY,1360.0
2022-02-22,,AntifungalY,1235.0
2022-03-01,,AntifungalY,1347.0
2022-03-08,,AntifungalY,1253.0
2022-03-15,,AntifungalY,1168.0
2022-03-22,,AntifungalY,1159.0
2022-03-29,,AntifungalY,1746.0
2022-04-05,,AntifungalY,1911.0
2022-04-12,,AntifungalY,1246.0
2022-04-19,,AntifungalY,1372.0
2022-04-26,,AntifungalY,1198.0
2022-05-03,,AntifungalY,1340.0
2022-05-10,,AntifungalY,1312.0
2022-05-17,,AntifungalY,1234.0
2022-05-24,,AntifungalY,1966.5
2022-05-31,,AntifungalY,1555.0
2022-06-07,,AntifungalY,1374.0
2022-06-14,,AntifungalY,1320.0
2022-06-21,,AntifungalY,1305.0
2022-06-28,,AntifungalY,1446.0
2022-07-05,,AntifungalY,1567.0
2022-07-12,,AntifungalY,1357.0
2022-07-19,,AntifungalY,1358.0
2022-07-26,,AntifungalY,1311.0
2022-08-02,,AntifungalY,1418.0
2022-08-09,,AntifungalY,1403.0
2022-08-16,,AntifungalY,1352.0
2022-08-23,,AntifungalY,1402.0
2022-08-30,,AntifungalY,1196.0
2022-09-06,,AntifungalY,1527.0
2022-09-13,,AntifungalY,1228.0
2022-09-20,,AntifungalY,1232.0
2022-09-27,,AntifungalY,1246.0
2022-10-04,,AntifungalY,1406.0
2022-10-11,,AntifungalY,1333.0
2022-10-18,,AntifungalY,1284.0
2022-10-25,,AntifungalY,1307.0
2022-11-01,,AntifungalY,1386.0
2022-11-08,,AntifungalY,1425.0
2022-11-15,,AntifungalY,1298.0
2022-11-22,,AntifungalY,1761.0
2022-11-29,,AntifungalY,1336.0
2022-12-06,,AntifungalY,1530.0
2022-12-13,,AntifungalY,1625.0
2022-12-20,,AntifungalY,2168.0
2022-12-27,,AntifungalY,1364.0
2023-01-03,,AntifungalY,1252.0
2023-01-10,,AntifungalY,1156.0
2023-01-17,,AntifungalY,1152.0
2023-01-24,,AntifungalY,1057.0
2023-01-31,,AntifungalY,1250.0
2023-02-07,,AntifungalY,1403.0
2023-02-14,,AntifungalY,1326.0
2023-02-21,,AntifungalY,1303.0
2023-02-28,,AntifungalY,1214.0
2023-03-07,,AntifungalY,1326.0
2023-03-14,,AntifungalY,1239.0
2023-03-21,,AntifungalY,1222.0
2023-03-28,,AntifungalY,1230.0
2023-04-04,,AntifungalY,1525.0
2023-04-11,,AntifungalY,1286.0
2023-04-18,,AntifungalY,1209.0
2023-04-25,,AntifungalY,1194.0
2023-05-02,,AntifungalY,1307.0
2023-05-09,,AntifungalY,1355.0
2023-05-16,,AntifungalY,1299.0
2023-05-23,,AntifungalY,1408.0
2023-05-30,,AntifungalY,1468.0
2023-06-06,,AntifungalY,1406.0
2023-06-13,,AntifungalY,1364.0
2023-06-20,,AntifungalY,1435.0
2023-06-27,,AntifungalY,1429.0
2023-07-04,,AntifungalY,1645.0
2023-07-11,,AntifungalY,1405.0
2023-07-18,,AntifungalY,1394.0
2023-07-25,,AntifungalY,1307.0
2023-08-01,,AntifungalY,1440.0
2023-08-08,,AntifungalY,1497.0
2023-08-15,,AntifungalY,1398.0
2023-08-22,,AntifungalY,1304.0
2023-08-29,,AntifungalY,1345.0
2023-09-05,,AntifungalY,1477.0
2023-09-12,,AntifungalY,1864.5
2023-09-19,,AntifungalY,1261.0
2023-09-26,,AntifungalY,1259.0
2023-10-03,,AntifungalY,2125.5
2023-10-10,,AntifungalY,1416.0
2023-10-17,,AntifungalY,1882.5
2023-10-24,,AntifungalY,1307.0
2021-02-02,,Cardiox,677.0
2021-02-09,,Cardiox,583.0
2021-02-16,,Cardiox,676.0
2021-02-23,,Cardiox,629.0
2021-03-02,,Cardiox,666.0
2021-03-09,,Cardiox,661.0
2021-03-16,,Cardiox,660.0
2021-03-23,,Cardiox,697.0
2021-03-30,,Cardiox,822.0
2021-04-06,,Cardiox,713.0
2021-04-13,,Cardiox,715.0
2021-04-20,,Cardiox,1042.5
2021-04-27,,Cardiox,707.0
2021-05-04,,Cardiox,724.0
2021-05-11,,Cardiox,698.0
2021-05-18,,Cardiox,704.0
2021-05-25,,Cardiox,792.0
2021-06-01,,Cardiox,764.0
2021-06-08,,Cardiox,737.0
2021-06-15,,Cardiox,780.0
2021-06-22,,Cardiox,738.0
2021-06-29,,Cardiox,759.0
2021-07-06,,Cardiox,720.0
2021-07-13,,Cardiox,727.0
2021-07-20,,Cardiox,665.0
2021-07-27,,Cardiox,682.0
2021-08-03,,Cardiox,699.0
2021-08-10,,Cardiox,686.0
2021-08-17,,Cardiox,724.0
2021-08-24,,Cardiox,711.0
2021-08-31,,Cardiox,686.0
2021-09-07,,Cardiox,656.0
2021-09-14,,Cardiox,943.5
2021-09-21,,Cardiox,608.0
2021-09-28,,Cardiox,659.0
2021-10-05,,Cardiox,1011.0
2021-10-12,,Cardiox,616.0
2021-10-19,,Cardiox,662.0
2021-10-26,,Cardiox,674.0
2021-11-02,,Cardiox,696.0
2021-11-09,,Cardiox,713.0
2021-11-16,,Cardiox,718.0
2021-11-23,,Cardiox,1115.0
2021-11-30,,Cardiox,886.0
2021-12-07,,Cardiox,965.0
2021-12-14,,Cardiox,1048.0
2021-12-21,,Cardiox,1295.0
2021-12-28,,Cardiox,623.0
2022-01-04,,Cardiox,559.0
2022-01-11,,Cardiox,572.0
2022-01-18,,Cardiox,568.0
2022-01-25,,Cardiox,600.0
2022-02-01,,Cardiox,640.0
2022-02-08,,Cardiox,616.0
2022-02-15,,Cardiox,635.0
2022-02-22,,Cardiox,571.0
2022-03-01,,Cardiox,641.0
2022-03-08,,Cardiox,600.0
2022-03-15,,Cardiox,603.0
2022-03-22,,Cardiox,616.0
2022-03-29,,Cardiox,927.0
2022-04-05,,Cardiox,973.5
2022-04-12,,Cardiox,675.0
2022-04-19,,Cardiox,757.0
2022-04-26,,Cardiox,649.0
2022-05-03,,Cardiox,659.0
2022-05-10,,Cardiox,685.0
2022-05-17,,Cardiox,678.0
2022-05-24,,Cardiox,1077.0
2022-05-31,,Cardiox,738.0
2022-06-07,,Cardiox,740.0
2022-06-14,,Cardiox,717.0
2022-06-21,,Cardiox,699.0
2022-06-28,,Cardiox,706.0
2022-07-05,,Cardiox,699.0
2022-07-12,,Cardiox,681.0
2022-07-19,,Cardiox,671.0
2022-07-26,,Cardiox,668.0
2022-08-02,,Cardiox,680.0
2022-08-09,,Cardiox,667.0
2022-08-16,,Cardiox,689.0
2022-08-23,,Cardiox,726.0
2022-08-30,,Cardiox,700.0
2022-09-06,,Cardiox,673.0
2022-09-13,,Cardiox,629.0
2022-09-20,,Cardiox,621.0
2022-09-27,,Cardiox,639.0
2022-10-04,,Cardiox,672.0
2022-10-11,,Cardiox,647.0
2022-10-18,,Cardiox,691.0
2022-10-25,,Cardiox,724.0
2022-11-01,,Cardiox,718.0
2022-11-08,,Cardiox,719.0
2022-11-15,,Cardiox,729.0
2022-11-22,,Cardiox,1116.0
2022-11-29,,Cardiox,878.0
2022-12-06,,Cardiox,916.0
2022-12-13,,Cardiox,998.0
2022-12-20,,Cardiox,1291.0
2022-12-27,,Cardiox,684.0
2023-01-03,,Cardiox,636.0
2023-01-10,,Cardiox,615.0
2023-01-17,,Cardiox,595.0
2023-01-24,,Cardiox,590.0
2023-01-31,,Cardiox,643.0
2023-02-07,,Cardiox,659.0
2023-02-14,,Cardiox,654.0
2023-02-21,,Cardiox,614.0
2023-02-28,,Cardiox,643.0
2023-03-07,,Cardiox,644.0
2023-03-14,,Cardiox,638.0
2023-03-21,,Cardiox,673.0
2023-03-28,,Cardiox,684.0
2023-04-04,,Cardiox,791.0
2023-04-11,,Cardiox,659.0
2023-04-18,,Cardiox,662.0
2023-04-25,,Cardiox,655.0
2023-05-02,,Cardiox,696.0
2023-05-09,,Cardiox,740.0
2023-05-16,,Cardiox,717.0
2023-05-23,,Cardiox,783.0
2023-05-30,,Cardiox,695.0
2023-06-06,,Cardiox,730.0
2023-06-13,,Cardiox,754.0
2023-06-20,,Cardiox,722.0
2023-06-27,,Cardiox,719.0
2023-07-04,,Cardiox,753.0
2023-07-11,,Cardiox,714.0
2023-07-18,,Cardiox,686.0
2023-07-25,,Cardiox,659.0
2023-08-01,,Cardiox,710.0
2023-08-08,,Cardiox,710.0
2023-08-15,,Cardiox,728.0
2023-08-22,,Cardiox,757.0
2023-08-29,,Cardiox,715.0
2023-09-05,,Cardiox,671.0
2023-09-12,,Cardiox,985.5
2023-09-19,,Cardiox,665.0
2023-09-26,,Cardiox,683.0
2023-10-03,,Cardiox,1050.0
2023-10-10,,Cardiox,697.0
2023-10-17,,Cardiox,1029.0
2023-10-24,,Cardiox,689.0
2021-02-02,,Bronchosafe,1874.0
2021-02-09,,Bronchosafe,1745.0
2021-02-16,,Bronchosafe,1945.0
2021-02-23,,Bronchosafe,1391.0
2021-03-02,,Bronchosafe,1314.0
2021-03-09,,Bronchosafe,1925.0
2021-03-16,,Bronchosafe,1701.0
2021-03-23,,Bronchosafe,1837.0
2021-03-30,,Bronchosafe,2054.0
2021-04-06,,Bronchosafe,1956.0
2021-04-13,,Bronchosafe,1858.0
2021-04-20,,Bronchosafe,2775.0
2021-04-27,,Bronchosafe,1806.0
2021-05-04,,Bronchosafe,1939.0
2021-05-11,,Bronchosafe,1842.0
2021-05-18,,Bronchosafe,1837.0
2021-05-25,,Bronchosafe,1962.0
2021-06-01,,Bronchosafe,2073.0
2021-06-08,,Bronchosafe,1874.0
2021-06-15,,Bronchosafe,1887.0
2021-06-22,,Bronchosafe,1963.0
2021-06-29,,Bronchosafe,2025.0
2021-07-06,,Bronchosafe,2119.0
2021-07-13,,Bronchosafe,1881.0
2021-07-20,,Bronchosafe,1808.0
2021-07-27,,Bronchosafe,1816.0
2021-08-03,,Bronchosafe,1908.0
2021-08-10,,Bronchosafe,1864.0
2021-08-17,,Bronchosafe,1937.0
2021-08-24,,Bronchosafe,1871.0
2021-08-31,,Bronchosafe,1908.0
2021-09-07,,Bronchosafe,1913.0
2021-09-14,,Bronchosafe,2445.0
2021-09-21,,Bronchosafe,1597.0
2021-09-28,,Bronchosafe,1544.0
2021-10-05,,Bronchosafe,2562.0
2021-10-12,,Bronchosafe,1728.0
2021-10-19,,Bronchosafe,1694.0
2021-10-26,,Bronchosafe,1689.0
2021-11-02,,Bronchosafe,1686.0
2021-11-09,,Bronchosafe,1828.0
2021-11-16,,Bronchosafe,1705.0
2021-11-23,,Bronchosafe,2628.0
2021-11-30,,Bronchosafe,1884.0
2021-12-07,,Bronchosafe,2140.0
2021-12-14,,Bronchosafe,2350.0
2021-12-21,,Bronchosafe,3078.0
2021-12-28,,Bronchosafe,1441.0
2022-01-04,,Bronchosafe,1568.0
2022-01-11,,Bronchosafe,1532.0
2022-01-18,,Bronchosafe,1517.0
2022-01-25,,Bronchosafe,1421.0
2022-02-01,,Bronchosafe,1628.0
2022-02-08,,Bronchosafe,1636.0
2022-02-15,,Bronchosafe,1709.0
2022-02-22,,Bronchosafe,1689.0
2022-03-01,,Bronchosafe,1656.0
2022-03-08,,Bronchosafe,1613.0
2022-03-15,,Bronchosafe,1625.0
2022-03-22,,Bronchosafe,1555.0
2022-03-29,,Bronchosafe,2443.5
2022-04-05,,Bronchosafe,2535.0
2022-04-12,,Bronchosafe,1727.0
2022-04-19,,Bronchosafe,1922.0
2022-04-26,,Bronchosafe,1642.0
2022-05-03,,Bronchosafe,1757.0
2022-05-10,,Bronchosafe,1764.0
2022-05-17,,Bronchosafe,1725.0
2022-05-24,,Bronchosafe,2731.5
2022-05-31,,Bronchosafe,2054.0
2022-06-07,,Bronchosafe,1818.0
2022-06-14,,Bronchosafe,1815.0
2022-06-21,,Bronchosafe,1811.0
2022-06-28,,Bronchosafe,1950.0
2022-07-05,,Bronchosafe,2000.0
2022-07-12,,Bronchosafe,1762.0
2022-07-19,,Bronchosafe,1755.0
2022-07-26,,Bronchosafe,1745.0
2022-08-02,,Bronchosafe,1747.0
2022-08-09,,Bronchosafe,1758.0
2022-08-16,,Bronchosafe,1782.0
2022-08-23,,Bronchosafe,2034.0
2022-08-30,,Bronchosafe,1512.0
2022-09-06,,Bronchosafe,1911.0
2022-09-13,,Bronchosafe,1614.0
2022-09-20,,Bronchosafe,1606.0
2022-09-27,,Bronchosafe,1600.0
2022-10-04,,Bronchosafe,1672.0
2022-10-11,,Bronchosafe,1683.0
2022-10-18,,Bronchosafe,1690.0
2022-10-25,,Bronchosafe,1710.0
2022-11-01,,Bronchosafe,1621.0
2022-11-08,,Bronchosafe,1801.0
2022-11-15,,Bronchosafe,1724.0
2022-11-22,,Bronchosafe,2504.0
2022-11-29,,Bronchosafe,1807.0
2022-12-06,,Bronchosafe,2015.0
2022-12-13,,Bronchosafe,2206.0
2022-12-20,,Bronchosafe,2739.0
2022-12-27,,Bronchosafe,1651.0
2023-01-03,,Bronchosafe,1535.0
2023-01-10,,Bronchosafe,1492.0
2023-01-17,,Bronchosafe,1542.0
2023-01-24,,Bronchosafe,1264.0
2023-01-31,,Bronchosafe,1564.0
2023-02-07,,Bronchosafe,1652.0
2023-02-14,,Bronchosafe,1606.0
2023-02-21,,Bronchosafe,1649.0
2023-02-28,,Bronchosafe,1509.0
2023-03-07,,Bronchosafe,1607.0
2023-03-14,,Bronchosafe,1636.0
2023-03-21,,Bronchosafe,1621.0
2023-03-28,,Bronchosafe,1615.0
2023-04-04,,Bronchosafe,1899.0
2023-04-11,,Bronchosafe,1650.0
2023-04-18,,Bronchosafe,1640.0
2023-04-25,,Bronchosafe,1565.0
2023-05-02,,Bronchosafe,1669.0
2023-05-09,,Bronchosafe,1674.0
2023-05-16,,Bronchosafe,1707.0
2023-05-23,,Bronchosafe,1819.0
2023-05-30,,Bronchosafe,1901.0
2023-06-06,,Bronchosafe,1765.0
2023-06-13,,Bronchosafe,1774.0
2023-06-20,,Bronchosafe,1838.0
2023-06-27,,Bronchosafe,1843.0
2023-07-04,,Bronchosafe,2062.0
2023-07-11,,Bronchosafe,1756.0
2023-07-18,,Bronchosafe,1731.0
2023-07-25,,Bronchosafe,1626.0
2023-08-01,,Bronchosafe,1706.0
2023-08-08,,Bronchosafe,1721.0
2023-08-15,,Bronchosafe,1735.0
2023-08-22,,Bronchosafe,1780.0
2023-08-29,,Bronchosafe,1732.0
2023-09-05,,Bronchosafe,1841.0
2023-09-12,,Bronchosafe,2280.0
2023-09-19,,Bronchosafe,1557.0
2023-09-26,,Bronchosafe,1541.0
2023-10-03,,Bronchosafe,2388.0
2023-10-10,,Bronchosafe,1660.0
2023-10-17,,Bronchosafe,2430.0
2023-10-24,,Bronchosafe,1703.0
2021-02-02,,Virustop,1672.0
2021-02-09,,Virustop,1559.0
2021-02-16,,Virustop,1491.0
2021-02-23,,Virustop,1542.0
2021-03-02,,Virustop,1608.0
2021-03-09,,Virustop,1327.0
2021-03-16,,Virustop,1280.0
2021-03-23,,Virustop,1245.0
2021-03-30,,Virustop,1442.0
2021-04-06,,Virustop,1382.0
2021-04-13,,Virustop,1268.0
2021-04-20,,Virustop,1866.0
2021-04-27,,Virustop,1187.0
2021-05-04,,Virustop,1533.0
2021-05-11,,Virustop,1246.0
2021-05-18,,Virustop,1218.0
2021-05-25,,Virustop,1177.0
2021-06-01,,Virustop,1544.0
2021-06-08,,Virustop,1349.0
2021-06-15,,Virustop,1268.0
2021-06-22,,Virustop,1231.0
2021-06-29,,Virustop,1400.0
2021-07-06,,Virustop,1340.0
2021-07-13,,Virustop,1225.0
2021-07-20,,Virustop,1206.0
2021-07-27,,Virustop,1150.0
2021-08-03,,Virustop,1523.0
2021-08-10,,Virustop,1219.0
2021-08-17,,Virustop,1196.0
2021-08-24,,Virustop,1192.0
2021-08-31,,Virustop,1523.0
2021-09-07,,Virustop,1246.0
2021-09-14,,Virustop,1740.0
2021-09-21,,Virustop,1112.0
2021-09-28,,Virustop,1203.0
2021-10-05,,Virustop,2002.5
2021-10-12,,Virustop,1158.0
2021-10-19,,Virustop,1121.0
2021-10-26,,Virustop,1232.0
2021-11-02,,Virustop,1502.0
2021-11-09,,Virustop,1266.0
2021-11-16,,Virustop,1179.0
2021-11-23,,Virustop,1937.0
2021-11-30,,Virustop,1448.0
2021-12-07,,Virustop,1466.0
2021-12-14,,Virustop,1510.0
2021-12-21,,Virustop,2026.0
2021-12-28,,Virustop,1091.0
2022-01-04,,Virustop,1403.0
2022-01-11,,Virustop,1098.0
2022-01-18,,Virustop,1080.0
2022-01-25,,Virustop,1128.0
2022-02-01,,Virustop,1565.0
2022-02-08,,Virustop,1397.0
2022-02-15,,Virustop,1515.0
2022-02-22,,Virustop,1312.0
2022-03-01,,Virustop,1724.0
2022-03-08,,Virustop,1381.0
2022-03-15,,Virustop,1286.0
2022-03-22,,Virustop,1201.0
2022-03-29,,Virustop,2005.5
2022-04-05,,Virustop,2122.5
2022-04-12,,Virustop,1240.0
2022-04-19,,Virustop,1297.0
2022-04-26,,Virustop,1222.0
2022-05-03,,Virustop,1516.0
2022-05-10,,Virustop,1253.0
2022-05-17,,Virustop,1151.0
2022-05-24,,Virustop,1740.0
2022-05-31,,Virustop,1404.0
2022-06-07,,Virustop,1340.0
2022-06-14,,Virustop,1269.0
2022-06-21,,Virustop,1209.0
2022-06-28,,Virustop,1319.0
2022-07-05,,Virustop,1460.0
2022-07-12,,Virustop,1197.0
2022-07-19,,Virustop,1166.0
2022-07-26,,Virustop,1115.0
2022-08-02,,Virustop,1524.0
2022-08-09,,Virustop,1219.0
2022-08-16,,Virustop,1200.0
2022-08-23,,Virustop,1166.0
2022-08-30,,Virustop,1469.0
2022-09-06,,Virustop,1310.0
2022-09-13,,Virustop,1159.0
2022-09-20,,Virustop,1109.0
2022-09-27,,Virustop,1121.0
2022-10-04,,Virustop,1557.0
2022-10-11,,Virustop,1221.0
2022-10-18,,Virustop,1203.0
2022-10-25,,Virustop,1243.0
2022-11-01,,Virustop,1577.0
2022-11-08,,Virustop,1403.0
2022-11-15,,Virustop,1255.0
2022-11-22,,Virustop,1930.0
2022-11-29,,Virustop,1368.0
2022-12-06,,Virustop,1467.0
2022-12-13,,Virustop,1430.0
2022-12-20,,Virustop,1796.0
2022-12-27,,Virustop,1270.0
2023-01-03,,Virustop,1466.0
2023-01-10,,Virustop,1161.0
2023-01-17,,Virustop,1130.0
2023-01-24,,Virustop,1133.0
2023-01-31,,Virustop,1532.0
2023-02-07,,Virustop,1573.0
2023-02-14,,Virustop,1502.0
2023-02-21,,Virustop,1323.0
2023-02-28,,Virustop,1452.0
2023-03-07,,Virustop,1681.0
2023-03-14,,Virustop,1338.0
2023-03-21,,Virustop,1216.0
2023-03-28,,Virustop,1210.0
2023-04-04,,Virustop,1560.0
2023-04-11,,Virustop,1291.0
2023-04-18,,Virustop,1181.0
2023-04-25,,Virustop,1170.0
2023-05-02,,Virustop,1451.0
2023-05-09,,Virustop,1265.0
2023-05-16,,Virustop,1213.0
2023-05-23,,Virustop,1151.0
2023-05-30,,Virustop,1245.0
2023-06-06,,Virustop,1441.0
2023-06-13,,Virustop,1230.0
2023-06-20,,Virustop,1181.0
2023-06-27,,Virustop,1129.0
2023-07-04,,Virustop,1501.0
2023-07-11,,Virustop,1180.0
2023-07-18,,Virustop,1149.0
2023-07-25,,Virustop,1135.0
2023-08-01,,Virustop,1377.0
2023-08-08,,Virustop,1269.0
2023-08-15,,Virustop,1184.0
2023-08-22,,Virustop,1199.0
2023-08-29,,Virustop,1227.0
2023-09-05,,Virustop,1470.0
2023-09-12,,Virustop,1687.5
2023-09-19,,Virustop,1135.0
2023-09-26,,Virustop,1130.0
2023-10-03,,Virustop,2194.5
2023-10-10,,Virustop,1206.0
2023-10-17,,Virustop,1716.0
2023-10-24,,Virustop,1214.0
2021-02-02,,Diabecheck,465.0
2021-02-09,,Diabecheck,497.0
2021-02-16,,Diabecheck,464.0
2021-02-23,,Diabecheck,472.0
2021-03-02,,Diabecheck,473.0
2021-03-09,,Diabecheck,468.0
2021-03-16,,Diabecheck,446.0
2021-03-23,,Diabecheck,442.0
2021-03-30,,Diabecheck,458.0
2021-04-06,,Diabecheck,455.0
2021-04-13,,Diabecheck,471.0
2021-04-20,,Diabecheck,693.0
2021-04-27,,Diabecheck,456.0
2021-05-04,,Diabecheck,458.0
2021-05-11,,Diabecheck,462.0
2021-05-18,,Diabecheck,456.0
2021-05-25,,Diabecheck,462.0
2021-06-01,,Diabecheck,458.0
2021-06-08,,Diabecheck,446.0
2021-06-15,,Diabecheck,448.0
2021-06-22,,Diabecheck,453.0
2021-06-29,,Diabecheck,450.0
2021-07-06,,Diabecheck,436.0
2021-07-13,,Diabecheck,438.0
2021-07-20,,Diabecheck,440.0
2021-07-27,,Diabecheck,438.0
2021-08-03,,Diabecheck,441.0
2021-08-10,,Diabecheck,444.0
2021-08-17,,Diabecheck,447.0
2021-08-24,,Diabecheck,444.0
2021-08-31,,Diabecheck,462.0
2021-09-07,,Diabecheck,455.0
2021-09-14,,Diabecheck,693.0
2021-09-21,,Diabecheck,448.0
2021-09-28,,Diabecheck,445.0
2021-10-05,,Diabecheck,693.0
2021-10-12,,Diabecheck,454.0
2021-10-19,,Diabecheck,460.0
2021-10-26,,Diabecheck,438.0
2021-11-02,,Diabecheck,485.0
2021-11-09,,Diabecheck,431.0
2021-11-16,,Diabecheck,424.0
2021-11-23,,Diabecheck,463.0
2021-11-30,,Diabecheck,407.0
2021-12-07,,Diabecheck,429.0
2021-12-14,,Diabecheck,445.0
2021-12-21,,Diabecheck,519.0
2021-12-28,,Diabecheck,398.0
2022-01-04,,Diabecheck,451.0
2022-01-11,,Diabecheck,465.0
2022-01-18,,Diabecheck,439.0
2022-01-25,,Diabecheck,426.0
2022-02-01,,Diabecheck,491.0
2022-02-08,,Diabecheck,471.0
2022-02-15,,Diabecheck,417.0
2022-02-22,,Diabecheck,433.0
2022-03-01,,Diabecheck,443.0
2022-03-08,,Diabecheck,439.0
2022-03-15,,Diabecheck,425.0
2022-03-22,,Diabecheck,432.0
2022-03-29,,Diabecheck,657.0
2022-04-05,,Diabecheck,666.0
2022-04-12,,Diabecheck,427.0
2022-04-19,,Diabecheck,445.0
2022-04-26,,Diabecheck,424.0
2022-05-03,,Diabecheck,439.0
2022-05-10,,Diabecheck,425.0
2022-05-17,,Diabecheck,435.0
2022-05-24,,Diabecheck,643.5
2022-05-31,,Diabecheck,433.0
2022-06-07,,Diabecheck,425.0
2022-06-14,,Diabecheck,435.0
2022-06-21,,Diabecheck,423.0
2022-06-28,,Diabecheck,429.0
2022-07-05,,Diabecheck,420.0
2022-07-12,,Diabecheck,421.0
2022-07-19,,Diabecheck,423.0
2022-07-26,,Diabecheck,414.0
2022-08-02,,Diabecheck,432.0
2022-08-09,,Diabecheck,412.0
2022-08-16,,Diabecheck,414.0
2022-08-23,,Diabecheck,388.0
2022-08-30,,Diabecheck,370.0
2022-09-06,,Diabecheck,371.0
2022-09-13,,Diabecheck,383.0
2022-09-20,,Diabecheck,392.0
2022-09-27,,Diabecheck,387.0
2022-10-04,,Diabecheck,418.0
2022-10-11,,Diabecheck,411.0
2022-10-18,,Diabecheck,429.0
2022-10-25,,Diabecheck,426.0
2022-11-01,,Diabecheck,432.0
2022-11-08,,Diabecheck,410.0
2022-11-15,,Diabecheck,436.0
2022-11-22,,Diabecheck,452.0
2022-11-29,,Diabecheck,412.0
2022-12-06,,Diabecheck,437.0
2022-12-13,,Diabecheck,441.0
2022-12-20,,Diabecheck,492.0
2022-12-27,,Diabecheck,377.0
2023-01-03,,Diabecheck,457.0
2023-01-10,,Diabecheck,447.0
2023-01-17,,Diabecheck,439.0
2023-01-24,,Diabecheck,433.0
2023-01-31,,Diabecheck,434.0
2023-02-07,,Diabecheck,451.0
2023-02-14,,Diabecheck,435.0
2023-02-21,,Diabecheck,425.0
2023-02-28,,Diabecheck,439.0
2023-03-07,,Diabecheck,447.0
2023-03-14,,Diabecheck,414.0
2023-03-21,,Diabecheck,430.0
2023-03-28,,Diabecheck,450.0
2023-04-04,,Diabecheck,462.0
2023-04-11,,Diabecheck,429.0
2023-04-18,,Diabecheck,463.0
2023-04-25,,Diabecheck,434.0
2023-05-02,,Diabecheck,454.0
2023-05-09,,Diabecheck,436.0
2023-05-16,,Diabecheck,461.0
2023-05-23,,Diabecheck,449.0
2023-05-30,,Diabecheck,427.0
2023-06-06,,Diabecheck,437.0
2023-06-13,,Diabecheck,439.0
2023-06-20,,Diabecheck,429.0
2023-06-27,,Diabecheck,423.0
2023-07-04,,Diabecheck,441.0
2023-07-11,,Diabecheck,418.0
2023-07-18,,Diabecheck,427.0
2023-07-25,,Diabecheck,425.0
2023-08-01,,Diabecheck,425.0
2023-08-08,,Diabecheck,431.0
2023-08-15,,Diabecheck,423.0
2023-08-22,,Diabecheck,425.0
2023-08-29,,Diabecheck,439.0
2023-09-05,,Diabecheck,434.0
2023-09-12,,Diabecheck,657.0
2023-09-19,,Diabecheck,444.0
2023-09-26,,Diabecheck,425.0
2023-10-03,,Diabecheck,670.5
2023-10-10,,Diabecheck,435.0
2023-10-17,,Diabecheck,657.0
2023-10-24,,Diabecheck,439.0
2021-02-02,,Immunomax,956.0
2021-02-09,,Immunomax,995.0
2021-02-16,,Immunomax,984.0
2021-02-23,,Immunomax,906.0
2021-03-02,,Immunomax,918.0
2021-03-09,,Immunomax,921.0
2021-03-16,,Immunomax,892.0
2021-03-23,,Immunomax,881.0
2021-03-30,,Immunomax,979.0
2021-04-06,,Immunomax,951.0
2021-04-13,,Immunomax,923.0
2021-04-20,,Immunomax,1365.0
2021-04-27,,Immunomax,860.0
2021-05-04,,Immunomax,953.0
2021-05-11,,Immunomax,934.0
2021-05-18,,Immunomax,914.0
2021-05-25,,Immunomax,943.0
2021-06-01,,Immunomax,966.0
2021-06-08,,Immunomax,955.0
2021-06-15,,Immunomax,942.0
2021-06-22,,Immunomax,896.0
2021-06-29,,Immunomax,919.0
2021-07-06,,Immunomax,911.0
2021-07-13,,Immunomax,930.0
2021-07-20,,Immunomax,902.0
2021-07-27,,Immunomax,876.0
2021-08-03,,Immunomax,987.0
2021-08-10,,Immunomax,951.0
2021-08-17,,Immunomax,985.0
2021-08-24,,Immunomax,855.0
2021-08-31,,Immunomax,964.0
2021-09-07,,Immunomax,932.0
2021-09-14,,Immunomax,1327.5
2021-09-21,,Immunomax,868.0
2021-09-28,,Immunomax,866.0
2021-10-05,,Immunomax,1398.0
2021-10-12,,Immunomax,889.0
2021-10-19,,Immunomax,936.0
2021-10-26,,Immunomax,926.0
2021-11-02,,Immunomax,972.0
2021-11-09,,Immunomax,980.0
2021-11-16,,Immunomax,956.0
2021-11-23,,Immunomax,1309.0
2021-11-30,,Immunomax,1002.0
2021-12-07,,Immunomax,1087.0
2021-12-14,,Immunomax,1227.0
2021-12-21,,Immunomax,1621.0
2021-12-28,,Immunomax,902.0
2022-01-04,,Immunomax,901.0
2022-01-11,,Immunomax,899.0
2022-01-18,,Immunomax,891.0
2022-01-25,,Immunomax,837.0
2022-02-01,,Immunomax,972.0
2022-02-08,,Immunomax,1016.0
2022-02-15,,Immunomax,1063.0
2022-02-22,,Immunomax,953.0
2022-03-01,,Immunomax,964.0
2022-03-08,,Immunomax,944.0
2022-03-15,,Immunomax,1014.0
2022-03-22,,Immunomax,923.0
2022-03-29,,Immunomax,1326.0
2022-04-05,,Immunomax,1462.5
2022-04-12,,Immunomax,942.0
2022-04-19,,Immunomax,1052.0
2022-04-26,,Immunomax,896.0
2022-05-03,,Immunomax,966.0
2022-05-10,,Immunomax,966.0
2022-05-17,,Immunomax,945.0
2022-05-24,,Immunomax,1411.5
2022-05-31,,Immunomax,947.0
2022-06-07,,Immunomax,944.0
2022-06-14,,Immunomax,968.0
2022-06-21,,Immunomax,924.0
2022-06-28,,Immunomax,911.0
2022-07-05,,Immunomax,927.0
2022-07-12,,Immunomax,904.0
2022-07-19,,Immunomax,913.0
2022-07-26,,Immunomax,851.0
2022-08-02,,Immunomax,942.0
2022-08-09,,Immunomax,956.0
2022-08-16,,Immunomax,960.0
2022-08-23,,Immunomax,871.0
2022-08-30,,Immunomax,926.0
2022-09-06,,Immunomax,931.0
2022-09-13,,Immunomax,927.0
2022-09-20,,Immunomax,903.0
2022-09-27,,Immunomax,872.0
2022-10-04,,Immunomax,954.0
2022-10-11,,Immunomax,912.0
2022-10-18,,Immunomax,954.0
2022-10-25,,Immunomax,958.0
2022-11-01,,Immunomax,993.0
2022-11-08,,Immunomax,992.0
2022-11-15,,Immunomax,948.0
2022-11-22,,Immunomax,1346.0
2022-11-29,,Immunomax,989.0
2022-12-06,,Immunomax,1084.0
2022-12-13,,Immunomax,1151.0
2022-12-20,,Immunomax,1594.0
2022-12-27,,Immunomax,966.0
2023-01-03,,Immunomax,954.0
2023-01-10,,Immunomax,914.0
2023-01-17,,Immunomax,911.0
2023-01-24,,Immunomax,872.0
2023-01-31,,Immunomax,939.0
2023-02-07,,Immunomax,1048.0
2023-02-14,,Immunomax,1123.0
2023-02-21,,Immunomax,950.0
2023-02-28,,Immunomax,990.0
2023-03-07,,Immunomax,976.0
2023-03-14,,Immunomax,999.0
2023-03-21,,Immunomax,945.0
2023-03-28,,Immunomax,939.0
2023-04-04,,Immunomax,1091.0
2023-04-11,,Immunomax,987.0
2023-04-18,,Immunomax,978.0
2023-04-25,,Immunomax,940.0
2023-05-02,,Immunomax,991.0
2023-05-09,,Immunomax,950.0
2023-05-16,,Immunomax,999.0
2023-05-23,,Immunomax,1016.0
2023-05-30,,Immunomax,977.0
2023-06-06,,Immunomax,1000.0
2023-06-13,,Immunomax,982.0
2023-06-20,,Immunomax,1000.0
2023-06-27,,Immunomax,943.0
2023-07-04,,Immunomax,1008.0
2023-07-11,,Immunomax,955.0
2023-07-18,,Immunomax,951.0
2023-07-25,,Immunomax,918.0
2023-08-01,,Immunomax,973.0
2023-08-08,,Immunomax,1005.0
2023-08-15,,Immunomax,1014.0
2023-08-22,,Immunomax,926.0
2023-08-29,,Immunomax,933.0
2023-09-05,,Immunomax,976.0
2023-09-12,,Immunomax,1432.5
2023-09-19,,Immunomax,943.0
2023-09-26,,Immunomax,929.0
2023-10-03,,Immunomax,1453.5
2023-10-10,,Immunomax,949.0
2023-10-17,,Immunomax,1446.0
2023-10-24,,Immunomax,957.0
2021-02-02,,Immunoboost,358.0
2021-02-09,,Immunoboost,342.0
2021-02-16,,Immunoboost,327.0
2021-02-23,,Immunoboost,334.0
2021-03-02,,Immunoboost,372.0
2021-03-09,,Immunoboost,342.0
2021-03-16,,Immunoboost,333.0
2021-03-23,,Immunoboost,336.0
2021-03-30,,Immunoboost,369.0
2021-04-06,,Immunoboost,342.0
2021-04-13,,Immunoboost,338.0
2021-04-20,,Immunoboost,502.5
2021-04-27,,Immunoboost,338.0
2021-05-04,,Immunoboost,384.0
2021-05-11,,Immunoboost,346.0
2021-05-18,,Immunoboost,340.0
2021-05-25,,Immunoboost,326.0
2021-06-01,,Immunoboost,376.0
2021-06-08,,Immunoboost,355.0
2021-06-15,,Immunoboost,336.0
2021-06-22,,Immunoboost,322.0
2021-06-29,,Immunoboost,361.0
2021-07-06,,Immunoboost,344.0
2021-07-13,,Immunoboost,338.0
2021-07-20,,Immunoboost,328.0
2021-07-27,,Immunoboost,336.0
2021-08-03,,Immunoboost,379.0
2021-08-10,,Immunoboost,341.0
2021-08-17,,Immunoboost,329.0
2021-08-24,,Immunoboost,323.0
2021-08-31,,Immunoboost,377.0
2021-09-07,,Immunoboost,336.0
2021-09-14,,Immunoboost,504.0
2021-09-21,,Immunoboost,331.0
2021-09-28,,Immunoboost,360.0
2021-10-05,,Immunoboost,526.5
2021-10-12,,Immunoboost,338.0
2021-10-19,,Immunoboost,339.0
2021-10-26,,Immunoboost,341.0
2021-11-02,,Immunoboost,381.0
2021-11-09,,Immunoboost,340.0
2021-11-16,,Immunoboost,349.0
2021-11-23,,Immunoboost,361.0
2021-11-30,,Immunoboost,352.0
2021-12-07,,Immunoboost,356.0
2021-12-14,,Immunoboost,334.0
2021-12-21,,Immunoboost,369.0
2021-12-28,,Immunoboost,304.0
2022-01-04,,Immunoboost,386.0
2022-01-11,,Immunoboost,356.0
2022-01-18,,Immunoboost,341.0
2022-01-25,,Immunoboost,358.0
2022-02-01,,Immunoboost,402.0
2022-02-08,,Immunoboost,378.0
2022-02-15,,Immunoboost,365.0
2022-02-22,,Immunoboost,354.0
2022-03-01,,Immunoboost,405.0
2022-03-08,,Immunoboost,358.0
2022-03-15,,Immunoboost,349.0
2022-03-22,,Immunoboost,352.0
2022-03-29,,Immunoboost,573.0
2022-04-05,,Immunoboost,588.0
2022-04-12,,Immunoboost,363.0
2022-04-19,,Immunoboost,363.0
2022-04-26,,Immunoboost,344.0
2022-05-03,,Immunoboost,422.0
2022-05-10,,Immunoboost,367.0
2022-05-17,,Immunoboost,366.0
2022-05-24,,Immunoboost,535.5
2022-05-31,,Immunoboost,397.0
2022-06-07,,Immunoboost,382.0
2022-06-14,,Immunoboost,357.0
2022-06-21,,Immunoboost,354.0
2022-06-28,,Immunoboost,387.0
2022-07-05,,Immunoboost,400.0
2022-07-12,,Immunoboost,367.0
2022-07-19,,Immunoboost,366.0
2022-07-26,,Immunoboost,355.0
2022-08-02,,Immunoboost,438.0
2022-08-09,,Immunoboost,388.0
2022-08-16,,Immunoboost,362.0
2022-08-23,,Immunoboost,366.0
2022-08-30,,Immunoboost,417.0
2022-09-06,,Immunoboost,398.0
2022-09-13,,Immunoboost,408.0
2022-09-20,,Immunoboost,395.0
2022-09-27,,Immunoboost,367.0
2022-10-04,,Immunoboost,450.0
2022-10-11,,Immunoboost,400.0
2022-10-18,,Immunoboost,403.0
2022-10-25,,Immunoboost,379.0
2022-11-01,,Immunoboost,437.0
2022-11-08,,Immunoboost,411.0
2022-11-15,,Immunoboost,392.0
2022-11-22,,Immunoboost,394.0
2022-11-29,,Immunoboost,411.0
2022-12-06,,Immunoboost,435.0
2022-12-13,,Immunoboost,404.0
2022-12-20,,Immunoboost,420.0
2022-12-27,,Immunoboost,343.0
2023-01-03,,Immunoboost,478.0
2023-01-10,,Immunoboost,423.0
2023-01-17,,Immunoboost,405.0
2023-01-24,,Immunoboost,413.0
2023-01-31,,Immunoboost,458.0
2023-02-07,,Immunoboost,470.0
2023-02-14,,Immunoboost,416.0
2023-02-21,,Immunoboost,409.0
2023-02-28,,Immunoboost,471.0
2023-03-07,,Immunoboost,453.0
2023-03-14,,Immunoboost,428.0
2023-03-21,,Immunoboost,412.0
2023-03-28,,Immunoboost,409.0
2023-04-04,,Immunoboost,499.0
2023-04-11,,Immunoboost,436.0
2023-04-18,,Immunoboost,402.0
2023-04-25,,Immunoboost,420.0
2023-05-02,,Immunoboost,492.0
2023-05-09,,Immunoboost,430.0
2023-05-16,,Immunoboost,412.0
2023-05-23,,Immunoboost,423.0
2023-05-30,,Immunoboost,436.0
2023-06-06,,Immunoboost,448.0
2023-06-13,,Immunoboost,430.0
2023-06-20,,Immunoboost,406.0
2023-06-27,,Immunoboost,405.0
2023-07-04,,Immunoboost,471.0
2023-07-11,,Immunoboost,416.0
2023-07-18,,Immunoboost,442.0
2023-07-25,,Immunoboost,407.0
2023-08-01,,Immunoboost,469.0
2023-08-08,,Immunoboost,437.0
2023-08-15,,Immunoboost,412.0
2023-08-22,,Immunoboost,397.0
2023-08-29,,Immunoboost,425.0
2023-09-05,,Immunoboost,490.0
2023-09-12,,Immunoboost,646.5
2023-09-19,,Immunoboost,410.0
2023-09-26,,Immunoboost,398.0
2023-10-03,,Immunoboost,687.0
2023-10-10,,Immunoboost,437.0
2023-10-17,,Immunoboost,643.5
2023-10-24,,Immunoboost,417.0
2021-02-02,,Osteofix,1087.0
2021-02-09,,Osteofix,1076.0
2021-02-16,,Osteofix,1052.0
2021-02-23,,Osteofix,992.0
2021-03-02,,Osteofix,1064.0
2021-03-09,,Osteofix,1024.0
2021-03-16,,Osteofix,1007.0
2021-03-23,,Osteofix,1015.0
2021-03-30,,Osteofix,1169.0
2021-04-06,,Osteofix,1082.0
2021-04-13,,Osteofix,1043.0
2021-04-20,,Osteofix,1600.5
2021-04-27,,Osteofix,1064.0
2021-05-04,,Osteofix,1176.0
2021-05-11,,Osteofix,1116.0
2021-05-18,,Osteofix,1163.0
2021-05-25,,Osteofix,1247.0
2021-06-01,,Osteofix,1305.0
2021-06-08,,Osteofix,1217.0
2021-06-15,,Osteofix,1203.0
2021-06-22,,Osteofix,1174.0
2021-06-29,,Osteofix,1273.0
2021-07-06,,Osteofix,1176.0
2021-07-13,,Osteofix,1180.0
2021-07-20,,Osteofix,1192.0
2021-07-27,,Osteofix,1211.0
2021-08-03,,Osteofix,1338.0
2021-08-10,,Osteofix,1286.0
2021-08-17,,Osteofix,1354.0
2021-08-24,,Osteofix,1173.0
2021-08-31,,Osteofix,1223.0
2021-09-07,,Osteofix,1173.0
2021-09-14,,Osteofix,1666.5
2021-09-21,,Osteofix,1111.0
2021-09-28,,Osteofix,1109.0
2021-10-05,,Osteofix,1743.0
2021-10-12,,Osteofix,1134.0
2021-10-19,,Osteofix,1156.0
2021-10-26,,Osteofix,1145.0
2021-11-02,,Osteofix,1164.0
2021-11-09,,Osteofix,1175.0
2021-11-16,,Osteofix,1172.0
2021-11-23,,Osteofix,1867.0
2021-11-30,,Osteofix,1220.0
2021-12-07,,Osteofix,1435.0
2021-12-14,,Osteofix,1628.0
2021-12-21,,Osteofix,2225.0
2021-12-28,,Osteofix,1002.0
2022-01-04,,Osteofix,1154.0
2022-01-11,,Osteofix,1053.0
2022-01-18,,Osteofix,1088.0
2022-01-25,,Osteofix,1026.0
2022-02-01,,Osteofix,1179.0
2022-02-08,,Osteofix,1150.0
2022-02-15,,Osteofix,1203.0
2022-02-22,,Osteofix,1100.0
2022-03-01,,Osteofix,1229.0
2022-03-08,,Osteofix,1159.0
2022-03-15,,Osteofix,1116.0
2022-03-22,,Osteofix,1141.0
2022-03-29,,Osteofix,1768.5
2022-04-05,,Osteofix,1809.0
2022-04-12,,Osteofix,1193.0
2022-04-19,,Osteofix,1304.0
2022-04-26,,Osteofix,1179.0
2022-05-03,,Osteofix,1245.0
2022-05-10,,Osteofix,1270.0
2022-05-17,,Osteofix,1245.0
2022-05-24,,Osteofix,1917.0
2022-05-31,,Osteofix,1298.0
2022-06-07,,Osteofix,1312.0
2022-06-14,,Osteofix,1289.0
2022-06-21,,Osteofix,1244.0
2022-06-28,,Osteofix,1333.0
2022-07-05,,Osteofix,1339.0
2022-07-12,,Osteofix,1246.0
2022-07-19,,Osteofix,1293.0
2022-07-26,,Osteofix,1248.0
2022-08-02,,Osteofix,1402.0
2022-08-09,,Osteofix,1357.0
2022-08-16,,Osteofix,1413.0
2022-08-23,,Osteofix,1329.0
2022-08-30,,Osteofix,1284.0
2022-09-06,,Osteofix,1281.0
2022-09-13,,Osteofix,1197.0
2022-09-20,,Osteofix,1173.0
2022-09-27,,Osteofix,1161.0
2022-10-04,,Osteofix,1278.0
2022-10-11,,Osteofix,1247.0
2022-10-18,,Osteofix,1215.0
2022-10-25,,Osteofix,1274.0
2022-11-01,,Osteofix,1316.0
2022-11-08,,Osteofix,1302.0
2022-11-15,,Osteofix,1230.0
2022-11-22,,Osteofix,1907.0
2022-11-29,,Osteofix,1292.0
2022-12-06,,Osteofix,1549.0
2022-12-13,,Osteofix,1682.0
2022-12-20,,Osteofix,2264.0
2022-12-27,,Osteofix,1264.0
2023-01-03,,Osteofix,1208.0
2023-01-10,,Osteofix,1135.0
2023-01-17,,Osteofix,1116.0
2023-01-24,,Osteofix,1079.0
2023-01-31,,Osteofix,1209.0
2023-02-07,,Osteofix,1239.0
2023-02-14,,Osteofix,1330.0
2023-02-21,,Osteofix,1225.0
2023-02-28,,Osteofix,1240.0
2023-03-07,,Osteofix,1244.0
2023-03-14,,Osteofix,1202.0
2023-03-21,,Osteofix,1215.0
2023-03-28,,Osteofix,1239.0
2023-04-04,,Osteofix,1460.0
2023-04-11,,Osteofix,1323.0
2023-04-18,,Osteofix,1221.0
2023-04-25,,Osteofix,1249.0
2023-05-02,,Osteofix,1360.0
2023-05-09,,Osteofix,1353.0
2023-05-16,,Osteofix,1332.0
2023-05-23,,Osteofix,1425.0
2023-05-30,,Osteofix,1375.0
2023-06-06,,Osteofix,1436.0
2023-06-13,,Osteofix,1385.0
2023-06-20,,Osteofix,1386.0
2023-06-27,,Osteofix,1356.0
2023-07-04,,Osteofix,1456.0
2023-07-11,,Osteofix,1333.0
2023-07-18,,Osteofix,1347.0
2023-07-25,,Osteofix,1345.0
2023-08-01,,Osteofix,1440.0
2023-08-08,,Osteofix,1505.0
2023-08-15,,Osteofix,1561.0
2023-08-22,,Osteofix,1464.0
2023-08-29,,Osteofix,1361.0
2023-09-05,,Osteofix,1392.0
2023-09-12,,Osteofix,1960.5
2023-09-19,,Osteofix,1277.0
2023-09-26,,Osteofix,1308.0
2023-10-03,,Osteofix,2100.0
2023-10-10,,Osteofix,1410.0
2023-10-17,,Osteofix,1989.0
2023-10-24,,Osteofix,1317.0
2021-02-02,,Cardioplus,543.0
2021-02-09,,Cardioplus,576.0
2021-02-16,,Cardioplus,509.0
2021-02-23,,Cardioplus,492.0
2021-03-02,,Cardioplus,555.0
2021-03-09,,Cardioplus,588.0
2021-03-16,,Cardioplus,520.0
2021-03-23,,Cardioplus,478.0
2021-03-30,,Cardioplus,506.0
2021-04-06,,Cardioplus,583.0
2021-04-13,,Cardioplus,550.0
2021-04-20,,Cardioplus,738.0
2021-04-27,,Cardioplus,478.0
2021-05-04,,Cardioplus,583.0
2021-05-11,,Cardioplus,564.0
2021-05-18,,Cardioplus,504.0
2021-05-25,,Cardioplus,484.0
2021-06-01,,Cardioplus,556.0
2021-06-08,,Cardioplus,607.0
2021-06-15,,Cardioplus,529.0
2021-06-22,,Cardioplus,484.0
2021-06-29,,Cardioplus,507.0
2021-07-06,,Cardioplus,570.0
2021-07-13,,Cardioplus,559.0
2021-07-20,,Cardioplus,491.0
2021-07-27,,Cardioplus,470.0
2021-08-03,,Cardioplus,580.0
2021-08-10,,Cardioplus,583.0
2021-08-17,,Cardioplus,501.0
2021-08-24,,Cardioplus,466.0
2021-08-31,,Cardioplus,525.0
2021-09-07,,Cardioplus,589.0
2021-09-14,,Cardioplus,805.5
2021-09-21,,Cardioplus,492.0
2021-09-28,,Cardioplus,482.0
2021-10-05,,Cardioplus,900.0
2021-10-12,,Cardioplus,559.0
2021-10-19,,Cardioplus,522.0
2021-10-26,,Cardioplus,477.0
2021-11-02,,Cardioplus,565.0
2021-11-09,,Cardioplus,589.0
2021-11-16,,Cardioplus,524.0
2021-11-23,,Cardioplus,522.0
2021-11-30,,Cardioplus,500.0
2021-12-07,,Cardioplus,585.0
2021-12-14,,Cardioplus,537.0
2021-12-21,,Cardioplus,555.0
2021-12-28,,Cardioplus,429.0
2022-01-04,,Cardioplus,593.0
2022-01-11,,Cardioplus,614.0
2022-01-18,,Cardioplus,533.0
2022-01-25,,Cardioplus,499.0
2022-02-01,,Cardioplus,587.0
2022-02-08,,Cardioplus,628.0
2022-02-15,,Cardioplus,556.0
2022-02-22,,Cardioplus,527.0
2022-03-01,,Cardioplus,571.0
2022-03-08,,Cardioplus,607.0
2022-03-15,,Cardioplus,558.0
2022-03-22,,Cardioplus,523.0
2022-03-29,,Cardioplus,762.0
2022-04-05,,Cardioplus,930.0
2022-04-12,,Cardioplus,598.0
2022-04-19,,Cardioplus,535.0
2022-04-26,,Cardioplus,496.0
2022-05-03,,Cardioplus,612.0
2022-05-10,,Cardioplus,603.0
2022-05-17,,Cardioplus,525.0
2022-05-24,,Cardioplus,754.5
2022-05-31,,Cardioplus,545.0
2022-06-07,,Cardioplus,617.0
2022-06-14,,Cardioplus,547.0
2022-06-21,,Cardioplus,502.0
2022-06-28,,Cardioplus,506.0
2022-07-05,,Cardioplus,593.0
2022-07-12,,Cardioplus,592.0
2022-07-19,,Cardioplus,511.0
2022-07-26,,Cardioplus,479.0
2022-08-02,,Cardioplus,573.0
2022-08-09,,Cardioplus,603.0
2022-08-16,,Cardioplus,527.0
2022-08-23,,Cardioplus,504.0
2022-08-30,,Cardioplus,537.0
2022-09-06,,Cardioplus,608.0
2022-09-13,,Cardioplus,577.0
2022-09-20,,Cardioplus,528.0
2022-09-27,,Cardioplus,510.0
2022-10-04,,Cardioplus,649.0
2022-10-11,,Cardioplus,614.0
2022-10-18,,Cardioplus,537.0
2022-10-25,,Cardioplus,516.0
2022-11-01,,Cardioplus,598.0
2022-11-08,,Cardioplus,643.0
2022-11-15,,Cardioplus,568.0
2022-11-22,,Cardioplus,578.0
2022-11-29,,Cardioplus,512.0
2022-12-06,,Cardioplus,619.0
2022-12-13,,Cardioplus,598.0
2022-12-20,,Cardioplus,576.0
2022-12-27,,Cardioplus,454.0
2023-01-03,,Cardioplus,636.0
2023-01-10,,Cardioplus,664.0
2023-01-17,,Cardioplus,579.0
2023-01-24,,Cardioplus,539.0
2023-01-31,,Cardioplus,588.0
2023-02-07,,Cardioplus,675.0
2023-02-14,,Cardioplus,607.0
2023-02-21,,Cardioplus,564.0
2023-02-28,,Cardioplus,586.0
2023-03-07,,Cardioplus,660.0
2023-03-14,,Cardioplus,619.0
2023-03-21,,Cardioplus,561.0
2023-03-28,,Cardioplus,544.0
2023-04-04,,Cardioplus,652.0
2023-04-11,,Cardioplus,639.0
2023-04-18,,Cardioplus,553.0
2023-04-25,,Cardioplus,527.0
2023-05-02,,Cardioplus,609.0
2023-05-09,,Cardioplus,644.0
2023-05-16,,Cardioplus,591.0
2023-05-23,,Cardioplus,536.0
2023-05-30,,Cardioplus,522.0
2023-06-06,,Cardioplus,643.0
2023-06-13,,Cardioplus,606.0
2023-06-20,,Cardioplus,540.0
2023-06-27,,Cardioplus,507.0
2023-07-04,,Cardioplus,619.0
2023-07-11,,Cardioplus,628.0
2023-07-18,,Cardioplus,530.0
2023-07-25,,Cardioplus,516.0
2023-08-01,,Cardioplus,573.0
2023-08-08,,Cardioplus,577.0
2023-08-15,,Cardioplus,576.0
2023-08-22,,Cardioplus,536.0
2023-08-29,,Cardioplus,505.0
2023-09-05,,Cardioplus,617.0
2023-09-12,,Cardioplus,880.5
2023-09-19,,Cardioplus,527.0
2023-09-26,,Cardioplus,506.0
2023-10-03,,Cardioplus,889.5
2023-10-10,,Cardioplus,612.0
2023-10-17,,Cardioplus,811.5
2023-10-24,,Cardioplus,515.0
2021-02-02,,Osteogrow,647.0
2021-02-09,,Osteogrow,683.0
2021-02-16,,Osteogrow,659.0
2021-02-23,,Osteogrow,619.0
2021-03-02,,Osteogrow,659.0
2021-03-09,,Osteogrow,645.0
2021-03-16,,Osteogrow,668.0
2021-03-23,,Osteogrow,623.0
2021-03-30,,Osteogrow,650.0
2021-04-06,,Osteogrow,693.0
2021-04-13,,Osteogrow,675.0
2021-04-20,,Osteogrow,958.5
2021-04-27,,Osteogrow,631.0
2021-05-04,,Osteogrow,691.0
2021-05-11,,Osteogrow,691.0
2021-05-18,,Osteogrow,672.0
2021-05-25,,Osteogrow,630.0
2021-06-01,,Osteogrow,682.0
2021-06-08,,Osteogrow,684.0
2021-06-15,,Osteogrow,700.0
2021-06-22,,Osteogrow,625.0
2021-06-29,,Osteogrow,667.0
2021-07-06,,Osteogrow,719.0
2021-07-13,,Osteogrow,697.0
2021-07-20,,Osteogrow,649.0
2021-07-27,,Osteogrow,622.0
2021-08-03,,Osteogrow,699.0
2021-08-10,,Osteogrow,713.0
2021-08-17,,Osteogrow,713.0
2021-08-24,,Osteogrow,655.0
2021-08-31,,Osteogrow,689.0
2021-09-07,,Osteogrow,722.0
2021-09-14,,Osteogrow,1087.5
2021-09-21,,Osteogrow,650.0
2021-09-28,,Osteogrow,657.0
2021-10-05,,Osteogrow,1069.5
2021-10-12,,Osteogrow,700.0
2021-10-19,,Osteogrow,681.0
2021-10-26,,Osteogrow,610.0
2021-11-02,,Osteogrow,606.0
2021-11-09,,Osteogrow,595.0
2021-11-16,,Osteogrow,589.0
2021-11-23,,Osteogrow,634.0
2021-11-30,,Osteogrow,558.0
2021-12-07,,Osteogrow,599.0
2021-12-14,,Osteogrow,616.0
2021-12-21,,Osteogrow,657.0
2021-12-28,,Osteogrow,535.0
2022-01-04,,Osteogrow,612.0
2022-01-11,,Osteogrow,615.0
2022-01-18,,Osteogrow,601.0
2022-01-25,,Osteogrow,563.0
2022-02-01,,Osteogrow,652.0
2022-02-08,,Osteogrow,636.0
2022-02-15,,Osteogrow,627.0
2022-02-22,,Osteogrow,592.0
2022-03-01,,Osteogrow,616.0
2022-03-08,,Osteogrow,629.0
2022-03-15,,Osteogrow,635.0
2022-03-22,,Osteogrow,586.0
2022-03-29,,Osteogrow,918.0
2022-04-05,,Osteogrow,975.0
2022-04-12,,Osteogrow,636.0
2022-04-19,,Osteogrow,638.0
2022-04-26,,Osteogrow,611.0
2022-05-03,,Osteogrow,649.0
2022-05-10,,Osteogrow,685.0
2022-05-17,,Osteogrow,648.0
2022-05-24,,Osteogrow,867.0
2022-05-31,,Osteogrow,631.0
2022-06-07,,Osteogrow,643.0
2022-06-14,,Osteogrow,666.0
2022-06-21,,Osteogrow,605.0
2022-06-28,,Osteogrow,587.0
2022-07-05,,Osteogrow,651.0
2022-07-12,,Osteogrow,632.0
2022-07-19,,Osteogrow,597.0
2022-07-26,,Osteogrow,534.0
2022-08-02,,Osteogrow,606.0
2022-08-09,,Osteogrow,596.0
2022-08-16,,Osteogrow,663.0
2022-08-23,,Osteogrow,562.0
2022-08-30,,Osteogrow,594.0
2022-09-06,,Osteogrow,649.0
2022-09-13,,Osteogrow,619.0
2022-09-20,,Osteogrow,586.0
2022-09-27,,Osteogrow,555.0
2022-10-04,,Osteogrow,643.0
2022-10-11,,Osteogrow,591.0
2022-10-18,,Osteogrow,595.0
2022-10-25,,Osteogrow,573.0
2022-11-01,,Osteogrow,642.0
2022-11-08,,Osteogrow,616.0
2022-11-15,,Osteogrow,628.0
2022-11-22,,Osteogrow,670.0
2022-11-29,,Osteogrow,585.0
2022-12-06,,Osteogrow,618.0
2022-12-13,,Osteogrow,665.0
2022-12-20,,Osteogrow,676.0
2022-12-27,,Osteogrow,505.0
2023-01-03,,Osteogrow,671.0
2023-01-10,,Osteogrow,664.0
2023-01-17,,Osteogrow,619.0
2023-01-24,,Osteogrow,588.0
2023-01-31,,Osteogrow,629.0
2023-02-07,,Osteogrow,662.0
2023-02-14,,Osteogrow,661.0
2023-02-21,,Osteogrow,613.0
2023-02-28,,Osteogrow,693.0
2023-03-07,,Osteogrow,637.0
2023-03-14,,Osteogrow,662.0
2023-03-21,,Osteogrow,611.0
2023-03-28,,Osteogrow,623.0
2023-04-04,,Osteogrow,658.0
2023-04-11,,Osteogrow,666.0
2023-04-18,,Osteogrow,638.0
2023-04-25,,Osteogrow,593.0
2023-05-02,,Osteogrow,638.0
2023-05-09,,Osteogrow,640.0
2023-05-16,,Osteogrow,649.0
2023-05-23,,Osteogrow,597.0
2023-05-30,,Osteogrow,605.0
2023-06-06,,Osteogrow,643.0
2023-06-13,,Osteogrow,635.0
2023-06-20,,Osteogrow,613.0
2023-06-27,,Osteogrow,593.0
2023-07-04,,Osteogrow,646.0
2023-07-11,,Osteogrow,628.0
2023-07-18,,Osteogrow,597.0
2023-07-25,,Osteogrow,572.0
2023-08-01,,Osteogrow,614.0
2023-08-08,,Osteogrow,644.0
2023-08-15,,Osteogrow,640.0
2023-08-22,,Osteogrow,598.0
2023-08-29,,Osteogrow,593.0
2023-09-05,,Osteogrow,664.0
2023-09-12,,Osteogrow,937.5
2023-09-19,,Osteogrow,602.0
2023-09-26,,Osteogrow,578.0
2023-10-03,,Osteogrow,964.5
2023-10-10,,Osteogrow,619.0
2023-10-17,,Osteogrow,936.0
2023-10-24,,Osteogrow,588.0
